"Preis";"Kerne";"Takt_Prozessor";"Arbeitsspeicher";"Bild_Display";"Speicher_Grafik";"extern_Schnittstellen";"HDD";"SSD";"Akku_Kapazitaet";"PPI_Display";"Pixelshader";"Typ_Arbeitsspeicher_DDR_4";"Laufwerk_VORHANDEN";"Lautsprecher_UEBERDURCHSCHN";"Tastatur_Beleuchtung_vorhanden";"Fingerabdrucksensor_vorhanden";"Touchscreen_vorhanden";"Mobilfunk_vorhanden";"NFC_vorhanden";"Akku_Typ_ION";"Marke_HP";"Marke_ASUS";"Marke_Acer";"Marke_Apple";"Marke_Dell";"Marke_Lenovo";"Betriebssystem_Windows";"Betriebssystem_Mac";"Betriebssystem_DOS";"Betriebssystem_LINUX";"Betriebssystem_OHNE";"Mikrofon_Sound_vorhanden"
299;2;2600;8;15,6;0;6;0;256;41;141;192;1;1;0;0;0;0;0;0;1;1;0;0;0;0;0;0;0;0;0;1;1
899;6;2200;8;15,6;6144;9;1000;128;70;141;1280;1;0;0;1;0;0;0;0;1;1;0;0;0;0;0;1;0;0;0;0;1
199;2;2300;4;15,6;0;2300;0;128;41;100;128;1;1;0;0;0;0;0;0;1;1;0;0;0;0;0;0;0;0;0;1;1
1399;6;2200;16;15,6;4096;6;0;512;71;141;640;1;0;0;1;1;0;0;0;1;0;1;0;0;0;0;1;0;0;0;0;1
999;4;1800;16;13,3;4096;4;0;256;50;165;384;0;0;0;1;0;0;0;0;0;0;1;0;0;0;0;1;0;0;0;0;1
849;4;1800;8;15,6;0;6;0;256;56;141;24;1;0;0;1;0;1;0;0;1;0;1;0;0;0;0;1;0;0;0;0;1
1099;6;2200;16;15,6;6144;9;1000;256;70;141;1280;1;0;0;1;0;0;0;0;1;1;0;0;0;0;0;1;0;0;0;0;1
1599;6;2600;16;15,6;6144;8;0;512;66;141;1920;1;0;0;1;0;0;0;0;1;0;1;0;0;0;0;1;0;0;0;0;1
1999;6;2600;16;17,3;8192;9;0;512;70;127;2944;1;0;0;1;0;0;0;0;1;1;0;0;0;0;0;0;0;1;0;0;0
589;4;1600;8;13,3;0;6;0;256;45;165;24;1;0;0;1;0;0;0;0;1;1;0;0;0;0;0;0;0;1;0;0;1
1099;4;2300;8;15,6;4096;6;0;256;95,6;141;640;1;0;0;1;1;0;0;0;0;1;0;0;0;0;0;0;0;0;0;1;0
1049;4;1800;16;17,3;2048;8;1000;256;48;127;384;1;0;0;1;0;0;0;0;1;1;0;0;0;0;0;1;0;0;0;0;1
749;4;1800;8;13,3;0;6;1000;256;45;165;24;1;0;0;1;0;0;0;0;1;1;0;0;0;0;0;0;0;1;0;0;1
1099;6;2200;16;15,6;4096;9;1000;256;70;141;768;1;0;0;1;0;0;0;0;1;1;0;0;0;0;0;1;0;0;0;0;1
969;4;1600;16;14;2048;6;0;512;48;157;384;1;0;0;0;1;1;0;0;1;1;0;0;0;0;0;1;0;0;0;0;1
1049;4;2300;8;17,3;4096;5;1000;128;64;127;640;1;0;0;1;0;0;0;0;1;0;1;0;0;0;0;1;0;0;0;0;1
999;6;2200;8;17,3;4096;9;1000;128;86;127;768;1;0;0;1;0;0;0;0;1;1;0;0;0;0;0;1;0;0;0;0;1
1499;6;2200;16;15,6;8192;8;1000;512;70;141;2048;1;0;0;0;0;0;0;0;1;1;0;0;0;0;0;1;0;0;0;0;1
1999;6;2600;16;15,6;8192;9;0;512;69;141;2304;1;0;0;1;0;0;0;0;0;1;0;0;0;0;0;1;0;0;0;0;0
2499;6;2900;16;15,6;4096;6;0;1000;71;282;768;1;0;0;1;1;1;0;0;1;0;1;0;0;0;0;1;0;0;0;0;1
849;4;1800;16;15,6;2048;6;1000;256;45;141;384;1;0;0;1;0;0;0;0;1;1;0;0;0;0;0;0;0;1;0;0;1
1399;6;2200;8;17,3;6144;7;1000;128;48;127;1280;1;0;0;1;0;0;0;0;1;0;0;1;0;0;0;1;0;0;0;0;1
1079;4;1600;16;15,6;0;8;0;512;48;141;24;1;1;0;0;0;0;1;0;1;1;0;0;0;0;0;1;0;0;0;0;1
749;4;1600;8;14;0;6;0;256;48;157;24;1;0;0;1;1;1;1;0;1;1;0;0;0;0;0;0;0;0;0;1;1
499;4;1600;8;15,6;2048;6;0;256;41;141;24;1;1;0;0;0;0;0;0;1;1;0;0;0;0;0;1;0;0;0;0;1
1129;4;1800;8;14;4096;5;0;256;70;157;640;1;0;0;1;0;0;0;0;0;0;1;0;0;0;0;1;0;0;0;0;1
1299;6;2200;8;17,3;6144;7;1000;256;48;127;1280;1;0;0;1;1;0;0;0;1;0;0;1;0;0;0;1;0;0;0;0;1
649;4;1600;8;13,3;0;6;0;256;45;165;24;1;0;0;1;0;0;0;0;1;1;0;0;0;0;0;1;0;0;0;0;1
649;4;1600;8;14;0;6;0;256;45;157;24;1;0;0;1;0;0;0;0;1;1;0;0;0;0;0;1;0;0;0;0;1
1129;4;1800;16;17,3;2048;8;1000;512;48;127;384;1;0;0;1;0;0;0;0;1;1;0;0;0;0;0;1;0;0;0;0;1
934;4;1800;8;15,6;4096;6;0;256;68;141;768;1;0;0;1;0;0;0;0;1;1;0;0;0;0;0;1;0;0;0;0;0
1799;6;2600;16;17,3;6144;8;0;512;58,7;127;1920;1;0;0;1;0;0;0;0;1;0;0;1;0;0;0;1;0;0;0;0;1
899;4;2200;8;14;0;7;0;512;50;157;640;1;0;0;1;1;0;0;0;1;1;0;0;0;0;0;0;0;0;0;1;1
999;4;1800;16;15,6;4096;6;1000;256;42;141;384;1;0;0;1;1;0;0;0;1;0;1;0;0;0;0;1;0;0;0;0;1
1049;4;1800;32;13,3;0;6;1000;512;45;165;24;1;0;0;0;0;0;0;0;1;1;0;0;0;0;0;1;0;0;0;0;1
2099;4;1800;16;13,3;0;5;0;512;56,2;165;24;0;0;1;1;1;1;1;0;1;1;0;0;0;0;0;1;0;0;0;0;1
969;4;1600;16;17,3;2048;8;0;512;48;127;384;1;0;0;1;0;0;0;0;1;1;0;0;0;0;0;1;0;0;0;0;1
479;4;2100;8;14;0;6;0;256;41;157;512;1;0;0;0;0;0;0;0;1;1;0;0;0;0;0;0;0;1;0;0;0
2999;8;2300;32;17,3;8192;8;2000;1024;70;127;2944;1;0;0;1;0;0;0;0;0;1;0;0;0;0;0;1;0;0;0;0;0
1599;6;2600;16;17,3;6144;8;0;512;66;127;1536;1;0;0;1;0;0;0;0;1;0;1;0;0;0;0;1;0;0;0;0;1
1299;4;2300;8;17,3;6144;9;1000;128;86;127;1280;1;0;0;1;0;0;0;0;1;1;0;0;0;0;0;1;0;0;0;0;1
1612,1;6;2600;16;17,3;6144;8;0;512;58,7;127;1536;1;0;0;1;0;0;0;0;1;0;0;1;0;0;0;1;0;0;0;0;1
1449;6;2600;16;17,3;6144;7;1000;512;55;127;1536;1;0;0;1;0;0;0;0;1;0;0;1;0;0;0;1;0;0;0;0;1
749;4;2100;8;17,3;4096;6;0;512;64;127;1024;1;0;0;1;0;0;0;0;1;0;1;0;0;0;0;0;0;0;0;1;1
1999;6;2200;16;15,6;4096;8;0;512;90;282;768;1;0;0;1;1;0;0;1;0;1;0;0;0;0;0;0;0;0;0;1;0
2599;8;2300;16;15,6;8192;7;1000;512;66;141;2304;1;0;0;1;0;0;0;0;1;0;1;0;0;0;0;1;0;0;0;0;1
949;4;1800;8;15,6;2048;7;1000;512;48;141;384;1;0;0;1;0;0;0;0;1;0;0;1;0;0;0;1;0;0;0;0;1
969;4;1800;8;17,3;2048;8;0;256;48;127;384;1;0;0;1;0;0;0;0;1;1;0;0;0;0;0;1;0;0;0;0;1
999;6;2600;16;17,3;4096;7;0;512;52,5;127;896;1;0;0;1;0;0;0;0;1;1;0;0;0;0;0;0;0;1;0;0;0
1099;6;2600;8;17,3;3072;7;0;512;55;127;640;1;0;0;1;0;0;0;0;1;0;0;1;0;0;0;1;0;0;0;0;1
1399;6;2600;16;15,6;6144;8;1000;128;57;141;1536;1;0;0;1;0;0;0;0;1;0;0;0;0;0;1;1;0;0;0;0;1
869;4;1600;8;17,3;2048;8;1000;256;48;127;384;1;0;0;0;0;0;0;0;1;1;0;0;0;0;0;1;0;0;0;0;1
829;4;1800;8;17,3;2048;5;1000;128;30;127;24;1;1;0;0;0;0;0;0;0;0;0;0;0;0;1;1;0;0;0;0;0
1229;4;2300;16;15,6;6144;7;1000;256;56;141;1280;1;0;0;0;0;0;0;0;1;0;0;0;0;1;0;0;0;0;1;0;1
569;4;1600;8;15,6;0;5;0;256;37;141;24;1;0;0;1;1;0;0;0;1;0;1;0;0;0;0;1;0;0;0;0;1
1699;6;2600;16;17,3;6144;9;1000;512;70;127;1920;1;0;0;1;0;0;0;0;1;1;0;0;0;0;0;1;0;0;0;0;1
1199;6;2600;16;15,6;4096;7;1000;256;52,5;141;896;1;0;0;1;0;0;0;0;0;1;0;0;0;0;0;1;0;0;0;0;0
569;4;1600;8;14;0;6;0;256;42;157;24;1;0;0;1;0;0;0;0;1;0;1;0;0;0;0;1;0;0;0;0;1
1049;4;1800;16;15,6;2048;7;1000;512;48;141;384;1;0;0;1;0;0;0;0;1;0;0;1;0;0;0;1;0;0;0;0;1
1199;4;2400;8;15,6;6144;8;0;512;69;141;1920;1;0;0;1;0;0;0;0;0;1;0;0;0;0;0;0;0;0;0;1;1
1399;6;2600;16;15,6;6144;7;0;512;52,5;141;1536;1;0;0;1;0;0;0;0;0;1;0;0;0;0;0;1;0;0;0;0;0
1699;4;1800;16;14;0;6;0;512;56;157;24;1;0;0;0;1;1;0;0;1;1;0;0;0;0;0;1;0;0;0;0;1
1699;4;1800;16;13,3;0;5;0;512;56,2;165;24;0;0;0;1;1;1;0;0;1;1;0;0;0;0;0;1;0;0;0;0;1
1299;4;1800;16;17,3;4096;6;0;512;52;127;384;1;1;0;0;1;0;0;0;1;1;0;0;0;0;0;1;0;0;0;0;0
999;4;1800;16;14;0;6;0;512;45;157;24;1;0;0;1;0;0;0;0;1;1;0;0;0;0;0;1;0;0;0;0;1
899;4;1600;8;14;0;6;0;512;48;157;24;1;0;0;1;1;1;1;0;1;1;0;0;0;0;0;0;0;0;0;1;1
3399;8;2400;32;17,3;8192;11;0;1024;72;127;2944;1;0;0;1;0;0;0;0;1;0;0;1;0;0;0;1;0;0;0;0;1
899;4;2300;8;15,6;6144;6;1000;128;63,3;141;1280;1;0;0;1;0;0;0;0;1;1;0;0;0;0;0;1;0;0;0;0;0
999;6;2600;16;15,6;4096;7;0;512;52,5;141;896;1;0;0;1;0;0;0;0;0;1;0;0;0;0;0;0;0;0;0;1;1
1979;4;1800;16;14;0;4;0;512;52;161;24;0;0;0;1;0;0;0;0;1;0;0;0;0;0;1;1;0;0;0;0;1
399;4;2100;8;15,6;0;6;0;256;41;141;512;1;1;0;0;0;0;0;0;1;1;0;0;0;0;0;0;0;0;0;1;1
1099;4;1600;8;14;0;7;0;256;50;157;24;1;0;0;1;1;0;0;0;1;1;0;0;0;0;0;1;0;0;0;0;1
1999;6;2600;16;17,3;8192;8;0;512;58,7;127;2304;1;0;0;1;0;0;0;0;1;0;0;1;0;0;0;1;0;0;0;0;1
1179;4;2300;8;17,3;6144;6;0;512;64;127;1536;1;0;0;1;0;0;0;0;1;0;1;0;0;0;0;1;0;0;0;0;1
649;4;1600;8;14;0;6;0;256;48;157;24;1;0;0;1;1;1;0;0;1;1;0;0;0;0;0;0;0;0;0;1;1
2499;6;2600;32;17,3;8192;11;0;512;72;127;2304;1;0;0;1;0;0;0;0;1;0;0;1;0;0;0;1;0;0;0;0;1
1299;4;1800;16;13,3;0;4;0;512;52;165;24;0;0;0;1;0;0;0;0;1;0;0;0;0;1;0;1;0;0;0;0;1
499;4;2000;8;14;0;6;1000;128;41;157;512;1;0;0;0;0;0;0;0;1;1;0;0;0;0;0;1;0;0;0;0;0
1099;6;2200;8;15,6;4096;7;1000;256;48;141;768;1;0;0;1;1;0;0;0;1;0;0;1;0;0;0;1;0;0;0;0;1
919;4;1800;8;15,6;2048;5;0;512;52,5;141;256;1;0;0;1;1;1;0;0;1;0;0;0;0;0;1;1;0;0;0;0;1
1379;4;1400;8;13,3;0;3;0;128;58,2;226;48;0;0;0;0;0;0;0;0;0;0;0;0;1;0;0;0;1;0;0;0;1
599;4;2000;8;14;0;5;0;256;45;157;512;1;0;0;0;1;1;0;0;1;0;0;0;0;0;1;1;0;0;0;0;1
799;4;1800;8;13,3;0;4;0;256;53,2;165;24;0;0;1;1;1;0;0;0;1;1;0;0;0;0;0;1;0;0;0;0;1
869;4;1600;8;17,3;2048;8;1000;128;48;127;384;1;0;0;0;0;0;0;0;1;1;0;0;0;0;0;1;0;0;0;0;1
1899;6;2600;16;15,6;8192;9;1000;512;69;141;2304;1;0;0;1;0;0;0;0;0;1;0;0;0;0;0;1;0;0;0;0;0
979;4;1600;16;14;0;6;0;256;48;157;24;1;0;0;1;1;1;1;0;1;1;0;0;0;0;0;1;0;0;0;0;1
599;4;1600;8;15,6;0;6;0;256;45;141;24;1;0;0;0;0;0;0;0;1;1;0;0;0;0;0;0;0;1;0;0;1
1069;6;2200;8;17,3;2048;5;1000;256;45;127;640;1;0;0;1;0;0;0;0;0;0;0;0;0;0;1;1;0;0;0;0;0
1799;6;2600;8;17,3;8192;6;0;512;66;127;2304;1;0;0;1;0;0;0;0;1;0;1;0;0;0;0;0;0;0;0;1;1
1199;6;2600;8;17,3;4096;7;0;512;55;127;896;1;0;0;1;0;0;0;0;1;0;0;1;0;0;0;1;0;0;0;0;1
669;4;1600;8;15,6;4096;6;0;256;42;141;384;1;0;0;1;0;0;0;0;1;0;1;0;0;0;0;1;0;0;0;0;1
2449;6;2200;16;15,6;4096;5;0;2048;84;282;768;1;0;0;1;1;1;0;0;1;1;0;0;0;0;0;1;0;0;0;0;1
1249;4;1600;8;13,3;0;4;0;256;61;165;24;1;0;1;1;1;1;0;0;1;1;0;0;0;0;0;1;0;0;0;0;1
769;4;1800;8;15,6;2048;6;0;256;45;141;384;1;0;0;1;0;0;0;0;1;1;0;0;0;0;0;1;0;0;0;0;1
999;4;1600;8;14;2048;7;0;256;50;157;512;1;0;0;1;1;0;0;0;1;1;0;0;0;0;0;0;0;0;0;1;1
1179;6;2200;8;15,6;6144;7;1000;128;48;141;1280;1;0;0;1;0;0;0;0;1;0;0;1;0;0;0;1;0;0;0;0;1
2299;6;2600;32;15,6;8192;9;1000;512;69;282;2304;1;0;0;1;0;0;0;0;0;1;0;0;0;0;0;1;0;0;0;0;0
3999;6;2900;16;17,3;8192;8;0;512;95,6;254;2304;1;1;0;1;0;0;0;0;0;1;0;0;0;0;0;1;0;0;0;0;1
1599;6;2600;16;15,6;6144;8;0;1024;55;141;1536;1;0;0;1;0;0;0;0;1;0;0;1;0;0;0;1;0;0;0;0;1
899;4;1800;8;14;2048;6;0;512;48;157;384;1;0;0;1;1;1;0;0;1;1;0;0;0;0;0;0;0;0;0;1;1
3999;8;2300;32;15,6;8192;7;0;2000;72;282;2944;1;0;0;1;0;0;0;0;0;1;0;0;0;0;0;1;0;0;0;0;1
1799;6;2600;16;17,3;6144;8;1000;512;57;127;1920;1;0;0;1;0;0;0;0;1;0;0;0;0;0;1;1;0;0;0;0;1
1349;6;2600;16;15,6;6144;7;1000;128;70;141;1536;1;0;0;1;0;0;0;0;1;1;0;0;0;0;0;0;0;0;0;1;0
1049;6;2200;16;17,3;4096;6;1000;128;56;127;768;1;0;0;1;0;0;0;0;1;0;0;0;0;1;0;0;0;0;1;0;0
1599;6;2600;16;17,3;6144;9;1000;512;70;127;1536;1;0;0;1;0;0;0;0;0;1;0;0;0;0;0;1;0;0;0;0;1
2229;4;1800;16;15,6;2048;8;0;1000;72;282;256;1;0;0;1;1;0;0;1;0;0;0;0;0;0;1;1;0;0;0;0;1
849;4;1600;8;13,3;0;7;0;256;50;165;24;1;0;0;1;1;0;0;0;1;1;0;0;0;0;0;0;0;0;0;1;1
1449;4;1600;16;13,3;0;5;0;512;56,2;165;24;0;0;0;1;1;1;0;0;1;1;0;0;0;0;0;1;0;0;0;0;1
1699;6;2200;32;15,6;8192;9;1000;512;70;141;2048;1;0;0;1;0;0;0;0;1;1;0;0;0;0;0;1;0;0;0;0;1
1699;6;2600;8;15,6;8192;8;0;512;66;141;2304;1;0;0;1;0;0;0;0;1;0;1;0;0;0;0;0;0;0;0;1;1
1479;6;2600;16;15,6;4096;8;0;256;68;141;384;1;0;0;1;0;0;0;0;0;0;0;0;0;1;0;1;0;0;0;0;1
1399;6;2600;16;15,6;6144;7;1000;256;52,5;141;1536;1;0;0;1;0;0;0;0;0;1;0;0;0;0;0;1;0;0;0;0;0
899;4;2200;8;15,6;0;5;1000;128;52,5;141;640;1;0;0;1;0;1;0;0;1;1;0;0;0;0;0;1;0;0;0;0;1
799;4;1600;8;13,3;4096;6;0;256;50;165;384;0;0;0;1;1;0;0;0;1;0;1;0;0;0;0;1;0;0;0;0;1
2699;6;2200;16;17,3;8192;8;1000;256;74;127;2944;1;0;0;1;0;0;0;0;1;0;0;0;0;0;1;1;0;0;0;0;1
1599;6;2600;16;15,6;6144;9;1000;512;69;141;1536;1;0;0;1;0;0;0;0;0;1;0;0;0;0;0;1;0;0;0;0;0
399;2;2600;8;17,3;0;6;0;256;41;127;192;1;1;0;0;0;0;0;0;1;1;0;0;0;0;0;0;0;0;0;1;1
1399;6;2200;16;15,6;6144;9;1000;512;70;141;1280;1;0;0;1;0;0;0;0;1;1;0;0;0;0;0;1;0;0;0;0;0
949;4;1600;16;15,6;2048;6;1000;512;45;141;384;1;0;0;1;0;0;0;0;1;1;0;0;0;0;0;1;0;0;0;0;1
1049;6;2200;8;15,6;6144;7;0;256;48;141;1280;1;0;0;0;0;0;0;0;1;0;0;1;0;0;0;0;0;0;0;1;1
1499;6;2600;16;15,6;6144;7;0;512;66;141;1536;1;0;0;1;0;0;0;0;1;0;1;0;0;0;0;1;0;0;0;0;1
2779;6;2900;16;15,6;4096;6;0;512;95,6;282;768;1;0;1;1;0;0;0;0;1;1;0;0;0;0;0;1;0;0;0;0;0
1199;4;1800;16;13,3;2048;4;0;512;53;165;384;1;0;0;1;1;0;0;0;0;1;0;0;0;0;0;1;0;0;0;0;1
799;4;1800;16;15,6;0;6;0;512;41;141;24;1;0;0;0;1;0;0;0;1;1;0;0;0;0;0;1;0;0;0;0;1
2449;6;2600;32;15,6;4096;8;0;512;90;141;768;1;0;0;1;0;0;0;0;0;1;0;0;0;0;0;1;0;0;0;0;0
519;4;1600;8;15,6;0;6;0;256;36;141;24;1;0;0;0;0;0;0;0;1;0;0;0;0;0;1;0;0;1;0;0;1
849;4;1600;8;14;0;7;0;256;50;157;24;1;0;0;1;1;0;0;0;1;1;0;0;0;0;0;0;0;0;0;1;1
1299;6;2200;8;15,6;4096;6;0;512;95,6;282;640;1;0;0;1;1;0;0;0;0;1;0;0;0;0;0;0;0;0;0;1;0
1034;6;2200;8;15,6;4096;7;1000;128;48;141;768;1;0;0;1;0;0;0;0;1;0;0;1;0;0;0;1;0;0;0;0;1
1399;6;2600;8;17,3;6144;7;1000;512;55;127;1536;1;0;0;1;0;0;0;0;1;0;0;1;0;0;0;1;0;0;0;0;1
1049;4;1800;16;15,6;2048;7;0;512;45;141;640;1;0;0;1;1;0;0;0;1;0;0;0;0;0;1;1;0;0;0;0;1
1199;4;2200;8;14;0;7;0;512;50;157;640;1;0;0;1;1;0;0;0;1;1;0;0;0;0;0;1;0;0;0;0;1
1499;6;2600;8;15,6;6144;8;0;512;66;141;1920;1;0;0;1;0;0;0;0;1;0;1;0;0;0;0;0;0;0;0;1;1
2699;6;2600;32;15,6;4096;8;0;512;90;282;768;1;0;0;1;0;0;0;0;0;1;0;0;0;0;0;1;0;0;0;0;0
849;4;1600;8;13,3;4096;6;0;512;50;165;384;0;0;0;1;1;1;0;0;1;0;1;0;0;0;0;1;0;0;0;0;1
1099;4;1600;8;14;2048;7;0;512;50;157;512;1;0;0;1;1;0;0;0;1;1;0;0;0;0;0;0;0;0;0;1;1
479;2;2500;8;14;0;6;0;256;41;111;192;1;0;0;0;0;0;0;0;1;1;0;0;0;0;0;1;0;0;0;0;1
499;4;2100;8;15,6;0;6;1000;128;41;141;512;1;1;0;0;0;0;0;0;1;1;0;0;0;0;0;1;0;0;0;0;1
699;4;1600;8;15,6;2048;6;1000;256;45;141;24;1;0;0;1;0;0;0;0;1;1;0;0;0;0;0;1;0;0;0;0;1
1929;4;1800;16;15,6;2048;7;0;512;57;141;384;1;0;0;1;1;0;1;0;1;0;0;0;0;0;1;1;0;0;0;0;1
1149;4;1600;16;14;4096;5;0;256;57;157;384;0;0;0;1;1;1;0;0;1;0;1;0;0;0;0;1;0;0;0;0;1
1599;4;1600;8;13,3;0;5;0;256;56,2;165;24;0;0;0;1;1;1;1;0;1;1;0;0;0;0;0;1;0;0;0;0;1
1099;4;1800;16;15,6;4096;5;0;256;45;141;384;1;0;0;1;1;0;0;0;0;0;0;0;0;0;1;1;0;0;0;0;0
569;4;1600;8;15,6;0;5;0;256;37;141;24;1;0;0;1;0;0;0;0;1;0;1;0;0;0;0;1;0;0;0;0;1
2079;6;2200;16;15,6;4096;5;0;512;97;282;768;1;0;0;1;0;1;0;0;1;0;0;0;0;1;0;1;0;0;0;0;1
1049;4;1800;8;13,3;0;3;0;256;50;165;24;0;0;0;1;0;1;0;0;1;0;1;0;0;0;0;1;0;0;0;0;1
569;4;1600;8;14;0;6;0;256;42;157;24;1;0;0;1;0;0;0;0;1;0;1;0;0;0;0;1;0;0;0;0;1
1599;4;1900;16;14;0;8;0;512;60;157;24;1;0;0;0;0;0;0;0;0;0;0;0;0;1;0;1;0;0;0;0;1
629;4;1600;8;15,6;2048;6;1000;128;45;141;24;1;0;0;1;0;0;0;0;1;1;0;0;0;0;0;0;0;1;0;0;1
999;6;2200;8;15,6;4096;6;1000;128;56;141;768;1;0;0;0;0;0;0;0;1;0;0;0;0;1;0;1;0;0;0;0;1
999;6;2200;16;15,6;4096;6;1000;128;52,5;141;768;1;0;0;1;0;0;0;0;1;1;0;0;0;0;0;0;0;1;0;0;1
2199;6;2600;16;17,3;8192;8;0;1000;58,7;127;2304;1;0;0;1;0;0;0;0;1;0;0;1;0;0;0;1;0;0;0;0;1
1329;2;2500;8;13,3;0;4;0;256;57;165;24;1;0;0;1;1;1;1;0;1;1;0;0;0;0;0;1;0;0;0;0;1
799;4;1600;8;13,3;0;6;0;512;50;165;24;0;0;0;1;1;0;0;0;1;0;1;0;0;0;0;1;0;0;0;0;1
469;2;2500;8;15,6;0;5;0;256;33;141;24;1;0;0;0;0;0;0;0;1;0;1;0;0;0;0;1;0;0;0;0;1
1299;4;1600;16;13,3;0;4;0;512;38;331;24;1;0;0;1;1;1;0;0;0;0;0;0;0;1;0;1;0;0;0;0;1
1040,95;4;1800;8;14;2048;5;0;512;48;157;384;1;0;0;1;1;0;0;0;1;0;0;1;0;0;0;1;0;0;0;0;1
699;4;1800;8;15,6;2048;6;0;512;41;141;24;1;1;0;0;0;0;0;0;1;1;0;0;0;0;0;1;0;0;0;0;1
1299;4;1600;16;13,3;0;6;0;512;45;165;24;1;0;0;1;1;1;0;0;1;0;0;0;0;0;1;1;0;0;0;0;1
919;4;1800;16;17,3;2048;6;1000;256;36;127;256;1;1;0;0;0;0;0;0;1;0;0;0;0;0;1;1;0;0;0;0;1
1799;4;1800;16;13,3;0;4;0;1000;61;165;24;1;0;1;1;1;1;0;0;1;1;0;0;0;0;0;1;0;0;0;0;0
999;4;1800;16;14;2048;6;0;512;41;157;384;1;0;0;1;1;1;0;0;1;1;0;0;0;0;0;1;0;0;0;0;0
989;4;1800;16;13,3;0;6;1000;256;45;165;24;1;0;0;1;0;0;0;0;1;1;0;0;0;0;0;1;0;0;0;0;1
649;4;1600;8;15,6;2048;6;0;512;41;141;24;1;1;0;0;0;0;0;0;1;1;0;0;0;0;0;1;0;0;0;0;1
849;4;1800;8;15,6;2048;6;1000;256;45;141;384;1;0;0;1;0;0;0;0;1;1;0;0;0;0;0;1;0;0;0;0;1
929;4;1800;8;17,3;4096;7;1000;256;48;127;384;1;1;0;0;0;0;0;0;1;0;0;1;0;0;0;1;0;0;0;0;1
999;4;1800;8;13,3;4096;4;0;512;53,2;165;384;0;0;1;1;1;0;0;0;1;1;0;0;0;0;0;1;0;0;0;0;1
889;4;1600;8;15,6;0;8;0;256;48;141;24;1;1;0;0;1;0;0;0;1;1;0;0;0;0;0;1;0;0;0;0;1
799;4;1800;8;17,3;2048;6;0;256;41;127;384;1;1;0;0;0;0;0;0;1;1;0;0;0;0;0;1;0;0;0;0;0
879;4;1600;8;14;0;6;0;256;48;157;24;1;0;0;0;0;0;0;0;1;1;0;0;0;0;0;1;0;0;0;0;1
2549;4;3100;16;15,6;4096;4;0;1000;75;282;1280;1;0;0;1;1;0;0;0;1;0;0;0;0;1;0;1;0;0;0;0;1
739;4;1800;8;15,6;2048;6;0;512;41;141;24;1;1;0;0;0;0;0;0;1;1;0;0;0;0;0;1;0;0;0;0;1
1449;4;1800;8;13,3;0;5;0;512;51;165;24;1;0;0;1;1;1;1;0;1;0;0;0;0;0;1;1;0;0;0;0;1
349;2;2300;8;15,6;2048;6;0;256;41;141;24;1;1;0;0;0;0;0;0;1;1;0;0;0;0;0;0;0;1;0;0;1
1999;4;1800;16;15,6;2048;6;0;512;50;141;512;1;0;0;1;0;1;0;0;0;1;0;0;0;0;0;1;0;0;0;0;1
1249;4;1800;16;15,6;0;8;0;512;48;141;24;1;1;0;0;1;0;1;0;1;1;0;0;0;0;0;1;0;0;0;0;0
1149;4;1800;16;14;2048;6;0;512;48;157;384;1;0;0;1;1;1;0;0;1;1;0;0;0;0;0;1;0;0;0;0;1
1729;4;1800;16;13,3;0;6;0;512;48;165;24;1;0;0;0;1;0;1;0;1;0;0;0;0;0;1;1;0;0;0;0;1
649;4;2300;8;17,3;0;6;256;0;36;106;640;1;0;0;0;0;0;0;0;1;0;0;0;0;0;1;1;0;0;0;0;1
849;4;1800;8;14;0;5;0;256;42;157;24;1;0;0;0;0;1;0;0;1;0;0;0;0;1;0;1;0;0;0;0;1
1749;4;1800;8;14;0;6;0;256;50;157;24;1;0;0;1;1;0;0;0;1;0;0;0;0;0;1;1;0;0;0;0;1
899;4;1800;8;14;4096;6;1000;128;41;157;384;1;0;0;1;0;0;0;0;1;1;0;0;0;0;0;1;0;0;0;0;0
2149;4;1600;16;14;0;6;0;512;56;157;24;1;0;1;1;1;1;1;0;1;1;0;0;0;0;0;1;0;0;0;0;1
719;4;1800;8;15,6;0;8;1000;0;56;141;24;1;0;0;1;1;0;0;0;1;0;0;0;0;1;0;1;0;0;0;0;1
969;4;1800;16;17,3;2048;6;0;512;36;127;256;1;1;0;0;1;0;0;0;1;0;0;0;0;0;1;1;0;0;0;0;1
2279;4;1800;16;14;0;6;0;512;56;157;24;1;0;1;1;1;1;1;0;1;1;0;0;0;0;0;1;0;0;0;0;1
919;4;1600;8;13,3;0;4;0;256;38;165;24;1;0;0;1;1;1;0;0;0;0;0;0;0;1;0;1;0;0;0;0;1
1199;4;1600;8;15,6;0;7;0;256;50;141;24;1;0;0;0;0;0;0;0;1;1;0;0;0;0;0;1;0;0;0;0;1
1499;4;1800;16;13,3;0;4;0;512;61;165;24;1;0;1;1;1;1;0;0;1;1;0;0;0;0;0;1;0;0;0;0;0
649;4;2300;16;15,6;0;6;0;256;41;141;640;1;1;0;0;0;0;0;0;1;1;0;0;0;0;0;1;0;0;0;0;1
3379;6;2900;32;15,6;4096;8;0;512;90;282;768;1;0;0;1;0;0;0;0;0;1;0;0;0;0;0;1;0;0;0;0;1
1329;4;1800;16;14;2048;6;1000;256;52;157;384;1;0;0;1;1;0;0;0;1;0;0;1;0;0;0;1;0;0;0;0;1
2579;4;1800;16;13,3;0;5;0;1000;56,2;165;24;0;0;1;1;1;1;1;0;1;1;0;0;0;0;0;1;0;0;0;0;1
2629;4;1800;16;14;0;6;0;1000;56;157;24;1;0;1;1;1;1;1;0;1;1;0;0;0;0;0;1;0;0;0;0;1
2649;6;2900;16;15,6;4096;8;0;512;90;141;768;1;0;0;1;0;0;0;0;1;1;0;0;0;0;0;1;0;0;0;0;0
2229;6;2900;16;15,6;4096;8;0;512;90;141;512;1;0;0;1;0;0;0;0;1;1;0;0;0;0;0;1;0;0;0;0;0
1899;4;1600;8;14;0;6;0;256;56;157;24;1;0;1;1;1;1;1;0;1;1;0;0;0;0;0;1;0;0;0;0;1
1099;4;1800;16;14;2048;7;0;512;48;157;384;1;0;0;1;0;0;0;0;1;1;0;0;0;0;0;1;0;0;0;0;1
1349;4;1600;8;14;0;7;0;256;50;157;24;1;0;0;1;1;0;1;0;1;1;0;0;0;0;0;1;0;0;0;0;1
2079;4;2600;16;15,6;4096;8;0;256;90;141;512;1;0;0;1;0;0;0;0;1;1;0;0;0;0;0;1;0;0;0;0;0
1599;4;1400;8;13,3;0;3;0;256;58,2;226;48;0;0;0;0;0;0;0;0;0;0;0;0;1;0;0;0;1;0;0;0;1
1929;6;2200;8;15,6;4096;8;0;256;90;141;512;1;0;0;1;0;0;0;0;0;1;0;0;0;0;0;1;0;0;0;0;0
1799;2;2500;8;13,3;0;4;0;256;57;165;24;1;0;0;1;1;1;0;0;1;1;0;0;0;0;0;1;0;0;0;0;1
2129;4;1700;8;13,3;0;5;0;256;56,2;165;24;0;0;1;1;0;1;0;0;1;1;0;0;0;0;0;1;0;0;0;0;1
2779;6;2600;16;15,6;4096;8;0;512;90;141;768;1;0;0;1;0;1;0;0;0;1;0;0;0;0;0;1;0;0;0;0;0
2229;6;2200;8;15,6;4096;8;0;512;90;141;512;1;0;0;1;1;0;0;0;0;1;0;0;0;0;0;1;0;0;0;0;0
1829;4;1600;8;13,3;0;5;0;256;56,2;165;24;0;0;1;1;0;1;0;0;1;1;0;0;0;0;0;1;0;0;0;0;1
2579;6;2600;16;15,6;4096;8;0;512;90;141;768;1;0;0;1;0;0;0;0;0;1;0;0;0;0;0;1;0;0;0;0;0
1179;4;1800;16;14;0;7;0;512;45;157;24;1;0;0;1;1;0;1;0;1;0;0;0;0;0;1;1;0;0;0;0;1
749;4;1800;8;14;4096;6;1000;128;41;157;384;1;0;0;1;1;0;0;0;1;1;0;0;0;0;0;1;0;0;0;0;1
749;4;1800;8;15,6;4096;6;0;512;30;141;384;1;0;0;0;0;0;0;0;1;0;0;0;0;0;1;1;0;0;0;0;1
749;4;1800;8;15,6;0;6;0;256;41;141;24;1;0;0;0;0;0;0;0;1;1;0;0;0;0;0;1;0;0;0;0;1
1299;6;2200;8;17,3;6144;5;0;512;64;127;1280;1;0;0;1;0;0;0;0;1;0;1;0;0;0;0;1;0;0;0;0;1
899;4;1600;8;14;4096;6;0;256;57;157;384;0;0;0;1;1;1;0;0;1;0;1;0;0;0;0;1;0;0;0;0;1
777;4;1800;8;13,3;0;5;0;512;45;165;24;0;0;0;1;1;0;0;0;1;0;0;0;0;0;1;1;0;0;0;0;1
1429;4;1800;16;13,9;0;3;0;512;50;158;24;0;0;0;1;1;0;0;0;1;0;1;0;0;0;0;1;0;0;0;0;1
579;4;1600;8;14;2048;6;0;256;42;157;384;1;0;0;1;1;0;0;0;1;0;1;0;0;0;0;1;0;0;0;0;1
1699;6;2600;16;17,3;6144;8;1000;512;90;127;1920;1;0;0;1;1;0;0;0;0;0;0;0;0;1;0;1;0;0;0;0;0
749;2;2200;8;14;0;6;0;256;48;157;24;1;0;0;0;1;1;0;0;1;1;0;0;0;0;0;1;0;0;0;0;1
1199;6;2600;16;17,3;6144;7;1000;512;52,5;127;1536;1;0;0;1;0;0;0;0;1;1;0;0;0;0;0;0;0;1;0;0;0
799;4;1600;8;14;0;6;0;256;48;157;24;1;0;0;0;1;1;0;0;1;1;0;0;0;0;0;1;0;0;0;0;1
379;2;2500;8;15,6;0;6;0;256;41;141;192;1;1;0;0;0;0;0;0;1;1;0;0;0;0;0;0;0;1;0;0;1
1699;4;1800;16;15,6;4096;5;0;512;84;282;384;1;0;0;1;1;1;0;0;1;1;0;0;0;0;0;1;0;0;0;0;1
879;4;1600;8;14;2048;5;0;512;45;157;256;1;0;0;1;1;1;0;0;1;0;0;0;0;0;1;1;0;0;0;0;1
1149;2;1600;8;13,3;0;2;0;128;49,9;226;24;0;0;0;1;1;0;0;0;0;0;0;0;1;0;0;0;1;0;0;0;1
1249;4;2400;16;15,6;6144;6;1000;256;57;141;1536;1;0;0;1;0;0;0;0;1;0;0;0;0;0;1;1;0;0;0;0;1
1399;6;2600;8;15,6;6144;7;1000;128;90;141;1920;1;0;0;1;1;0;0;0;0;0;0;0;0;1;0;1;0;0;0;0;0
1699;4;1800;16;15,6;4096;5;0;512;84;141;384;1;0;0;1;1;1;0;0;1;1;0;0;0;0;0;1;0;0;0;0;1
399;2;2600;8;15,6;0;6;0;256;41;141;192;1;1;0;0;0;0;0;0;1;1;0;0;0;0;0;1;0;0;0;0;0
1099;4;1800;8;14;0;5;0;256;50;157;24;0;0;0;1;0;0;0;0;1;0;1;0;0;0;0;1;0;0;0;0;1
1049;4;1800;8;15,6;4096;7;0;512;42;141;384;1;0;0;1;0;0;0;0;1;0;0;0;0;1;0;1;0;0;0;0;1
869;4;1800;8;14;0;7;0;256;45;157;24;1;0;0;1;1;0;0;0;1;0;0;0;0;0;1;1;0;0;0;0;1
1499;4;1800;16;13,3;0;4;0;512;61;165;24;1;0;1;1;1;1;0;0;1;1;0;0;0;0;0;1;0;0;0;0;0
599;4;1600;16;15,6;0;6;0;512;41;141;24;1;0;0;0;0;0;0;0;1;1;0;0;0;0;0;0;0;0;0;1;1
1149;2;1600;8;13,3;0;2;0;128;49,9;226;24;0;0;0;1;1;0;0;0;0;0;0;0;1;0;0;0;1;0;0;0;1
1299;4;1800;8;13,3;0;4;0;256;61;165;24;1;0;1;1;1;1;0;0;1;1;0;0;0;0;0;1;0;0;0;0;0
1299;4;1800;8;13,3;0;4;0;256;61;165;24;1;0;1;1;1;1;0;0;1;1;0;0;0;0;0;1;0;0;0;0;0
1149;4;1600;8;13,9;0;3;0;256;50;158;24;0;0;0;1;1;0;0;0;1;0;1;0;0;0;0;1;0;0;0;0;1
474;4;1600;8;15,6;0;5;0;256;33;141;24;1;0;0;0;0;0;0;0;1;0;1;0;0;0;0;0;0;0;1;0;1
1249;6;2600;16;15,6;4096;7;1000;256;90;141;896;1;0;0;1;1;0;0;0;0;0;0;0;0;1;0;1;0;0;0;0;0
1879;2;2800;16;13,3;0;4;0;512;57;165;24;1;0;0;1;1;1;1;0;1;1;0;0;0;0;0;1;0;0;0;0;1
1499;4;1800;16;13,3;0;4;0;512;43,7;165;24;0;0;0;1;0;1;0;0;1;1;0;0;0;0;0;1;0;0;0;0;1
1399;4;2400;8;17,3;6144;8;1000;512;60;127;1920;1;0;0;1;1;0;0;0;0;0;0;0;0;1;0;1;0;0;0;0;0
1379;2;1600;8;13,3;0;2;0;256;49,9;226;24;0;0;0;1;1;0;0;0;0;0;0;0;1;0;0;0;1;0;0;0;1
1199;4;2300;8;15,6;6144;8;1000;128;70;141;1920;1;0;0;1;0;0;0;0;1;1;0;0;0;0;0;0;0;1;0;0;0
699;4;2100;8;15,6;3072;4;0;512;48;141;640;1;0;0;1;0;0;0;0;1;0;1;0;0;0;0;0;0;0;0;1;1
2289;6;2600;32;17,3;8192;8;0;1024;58,7;127;2304;1;0;0;1;0;0;0;0;1;0;0;1;0;0;0;1;0;0;0;0;1
1649;2;2800;8;13,3;0;4;0;256;57;165;24;1;0;0;1;1;1;0;0;1;1;0;0;0;0;0;1;0;0;0;0;1
2579;4;1800;16;14;0;6;0;1000;51;314;24;0;0;1;1;1;0;1;1;1;0;0;0;0;0;1;1;0;0;0;0;1
1149;6;2200;16;17,3;4096;6;1000;128;56;127;768;1;0;0;1;0;0;0;0;1;0;0;0;0;1;0;1;0;0;0;0;0
849;4;1600;8;14;0;6;0;256;57;157;24;0;0;0;1;1;1;0;0;1;0;1;0;0;0;0;1;0;0;0;0;1
799;4;1600;8;17,3;2048;7;0;512;48;127;384;1;1;0;0;0;0;0;0;1;0;0;1;0;0;0;1;0;0;0;0;0
529;2;2200;8;15,6;0;4;1000;0;48;141;24;1;0;0;0;0;1;0;0;1;1;0;0;0;0;0;1;0;0;0;0;1
699;4;2400;8;15,6;3072;7;0;512;52,5;141;640;1;0;0;1;0;0;0;0;0;1;0;0;0;0;0;0;0;0;0;1;1
1099;4;2400;16;15,6;4096;7;0;512;52,5;141;896;1;0;0;1;0;0;0;0;0;1;0;0;0;0;0;1;0;0;0;0;0
799;4;2000;8;15,6;4096;7;1000;128;48;141;1024;1;0;0;1;0;0;0;0;1;0;0;1;0;0;0;1;0;0;0;0;1
1079;4;1800;8;15,6;0;7;0;256;68;141;24;1;0;0;0;0;0;0;0;1;0;0;0;0;1;0;1;0;0;0;0;1
494;4;1600;8;17,3;0;6;1000;0;36;96;24;1;1;0;0;0;0;0;0;1;0;0;0;0;0;1;0;0;1;0;0;1
2399;6;2600;16;17,3;8192;8;1000;512;70;127;2944;1;0;0;1;0;0;0;0;0;1;0;0;0;0;0;1;0;0;0;0;0
1799;6;2200;16;17,3;6144;8;1000;256;66;127;1280;1;0;0;1;0;0;0;0;1;0;1;0;0;0;0;1;0;0;0;0;1
2099;4;1800;16;14;0;6;0;512;51;157;24;0;0;1;1;1;0;0;1;1;0;0;0;0;0;1;1;0;0;0;0;1
2779;4;1800;16;14;0;6;0;1000;51;314;24;0;0;1;1;1;1;1;1;1;0;0;0;0;0;1;1;0;0;0;0;1
2629;4;1800;16;14;0;6;0;512;51;314;24;0;0;1;1;1;1;1;1;1;0;0;0;0;0;1;1;0;0;0;0;1
2999;8;2300;32;15,6;8192;9;1000;512;69;282;2944;1;0;0;0;0;0;0;0;0;1;0;0;0;0;0;1;0;0;0;0;0
1349;4;1800;16;15,6;0;7;0;512;68;141;24;1;0;0;1;0;0;0;0;1;0;0;0;0;1;0;1;0;0;0;0;1
1329;4;1900;16;15,6;0;7;0;512;68;141;24;1;0;0;1;1;0;0;0;1;0;0;0;0;1;0;1;0;0;0;0;1
1249;4;1800;16;15,6;0;6;0;512;45;141;24;1;0;0;1;1;0;1;0;1;0;0;0;0;0;1;1;0;0;0;0;1
2499;4;1800;16;14;0;6;0;512;51;209;24;0;0;1;1;1;1;1;1;1;0;0;0;0;0;1;1;0;0;0;0;1
1699;6;2600;16;15,6;6144;7;0;512;90;141;1920;1;0;0;1;1;0;0;0;0;0;0;0;0;1;0;1;0;0;0;0;0
2279;4;1800;16;14;0;6;0;512;51;157;24;0;0;0;1;1;0;1;1;1;0;0;0;0;0;1;1;0;0;0;0;1
1179;4;1800;8;14;0;6;0;256;45;157;24;1;0;0;1;1;0;1;0;1;0;0;0;0;0;1;1;0;0;0;0;1
2449;4;1800;16;14;0;6;0;512;51;314;24;0;0;0;1;1;0;1;1;1;0;0;0;0;0;1;1;0;0;0;0;1
1279;4;1800;16;14;0;6;0;512;45;157;24;1;0;0;1;1;0;1;0;1;0;0;0;0;0;1;1;0;0;0;0;1
529;2;2200;8;15,6;0;6;0;256;41;141;24;1;0;0;0;0;0;0;0;1;1;0;0;0;0;0;1;0;0;0;0;1
2199;6;2900;16;15,6;4096;5;0;512;97;141;768;1;0;0;0;1;0;0;0;1;0;0;0;0;1;0;1;0;0;0;0;1
2149;4;2800;24;15,6;8192;7;0;256;50;141;2048;1;0;0;1;0;0;0;0;1;0;1;0;0;0;0;1;0;0;0;0;1
1399;4;1900;16;14;0;6;0;512;68;157;24;1;0;0;1;1;0;0;0;1;0;0;0;0;1;0;1;0;0;0;0;1
829;4;2300;16;14;0;7;0;512;45;157;640;1;0;0;0;0;0;0;0;1;0;0;0;0;0;1;1;0;0;0;0;1
1599;6;2600;16;17,3;6144;8;2000;1000;57;127;1536;1;0;0;1;0;0;0;0;1;0;0;0;0;0;1;1;0;0;0;0;1
529;4;2100;8;14;0;7;0;256;45;157;512;1;0;0;1;1;0;0;0;1;1;0;0;0;0;0;0;0;0;0;1;1
1899;4;1800;16;15,6;4096;5;0;1000;84;282;384;1;0;0;1;1;1;0;0;1;1;0;0;0;0;0;1;0;0;0;0;1
329;2;1800;8;15,6;0;4;1000;0;30;100;12;1;1;0;0;0;0;0;0;1;0;0;0;0;0;1;1;0;0;0;0;1
349;2;2600;8;17,3;0;6;0;256;41;106;192;1;1;0;0;0;0;0;0;1;1;0;0;0;0;0;0;0;0;0;1;1
1699;6;2200;16;17,3;6144;6;1000;256;60;127;1920;1;0;0;1;1;0;0;0;0;0;0;0;0;1;0;1;0;0;0;0;1
1049;4;1600;8;13,3;0;4;0;256;52;331;24;0;0;0;1;0;1;0;0;1;0;0;0;0;1;0;0;0;0;1;0;1
869;4;2300;16;15,6;0;7;0;512;45;141;640;1;0;0;0;0;0;0;0;1;0;0;0;0;0;1;1;0;0;0;0;1
899;4;2100;8;15,6;4096;4;0;512;48;141;896;1;0;0;1;0;0;0;0;1;0;1;0;0;0;0;1;0;0;0;0;1
1379;2;1600;8;13,3;0;2;0;256;49,9;226;24;0;0;0;1;1;0;0;0;0;0;0;0;1;0;0;0;1;0;0;0;1
1369;2;2300;8;13,3;0;3;0;128;54,5;226;48;0;0;0;0;0;0;0;0;0;0;0;0;1;0;0;0;1;0;0;0;1
399;2;2100;8;14;0;5;0;256;30;111;24;1;0;0;0;0;0;0;0;1;0;0;0;0;0;1;0;0;0;0;1;1
2929;6;2600;16;15,6;4096;6;0;512;80;282;768;1;0;0;1;1;0;0;0;1;0;0;0;0;0;1;1;0;0;0;0;0
999;4;2400;8;15,6;4096;6;0;512;52,5;141;896;1;0;0;1;0;0;0;0;1;0;0;0;0;0;1;1;0;0;0;0;1
1699;6;2200;16;15,6;6144;8;0;512;50;141;1280;1;0;0;1;0;0;0;0;1;0;1;0;0;0;0;1;0;0;0;0;1
2999;6;2600;16;15,6;8192;8;0;1000;60;141;2944;1;0;0;1;0;0;0;0;1;0;1;0;0;0;0;1;0;0;0;0;1
766;4;1600;8;15,6;2048;6;0;256;68;141;640;1;0;0;1;0;0;0;0;1;1;0;0;0;0;0;1;0;0;0;0;0
1599;6;2600;16;17,3;8192;9;0;512;70;127;2304;1;0;0;1;0;0;0;0;1;1;0;0;0;0;0;0;0;1;0;0;0
499;4;2100;8;15,6;0;6;0;256;41;141;512;1;1;0;0;0;0;0;0;1;1;0;0;0;0;0;1;0;0;0;0;1
1379;4;1400;8;13,3;0;3;0;128;58,2;226;48;0;0;0;0;0;0;0;0;0;0;0;0;1;0;0;0;1;0;0;0;1
2549;6;2600;16;15,4;4096;5;0;256;83,6;220;768;1;0;0;1;1;0;0;0;0;0;0;0;1;0;0;0;1;0;0;0;1
899;4;1800;8;17,3;4096;6;1000;128;30;127;384;1;0;0;0;0;0;0;0;0;0;0;0;0;0;1;1;0;0;0;0;0
1399;4;1800;16;13,3;0;4;0;256;61;165;24;1;0;1;1;1;1;0;0;1;1;0;0;0;0;0;1;0;0;0;0;0
1119;6;2600;8;15,6;4096;2;0;512;55;141;896;1;0;0;1;0;0;0;0;1;0;0;1;0;0;0;1;0;0;0;0;1
1399;6;2200;16;15,6;4096;7;1000;512;70;282;384;1;0;0;1;1;0;0;0;0;1;0;0;0;0;0;0;0;0;0;1;0
1249;6;2200;8;17,3;6144;7;1000;0;48;127;1280;1;0;0;1;0;0;0;0;1;0;0;1;0;0;0;0;0;0;1;0;1
699;2;2100;8;14;0;5;0;256;41;157;24;1;0;0;1;1;1;0;0;1;1;0;0;0;0;0;1;0;0;0;0;1
549;4;2100;8;17,3;0;6;0;256;36;127;512;1;0;0;0;0;0;0;0;1;0;0;0;0;0;1;0;0;0;0;1;1
1249;6;2200;16;15,6;6144;6;1000;128;70;141;1280;1;0;0;1;0;0;0;0;1;1;0;0;0;0;0;1;0;0;0;0;1
1849;6;2200;16;15,6;4096;8;0;256;64;141;512;1;0;0;1;0;0;0;0;1;0;0;0;0;1;0;1;0;0;0;0;0
589;4;1600;8;15,6;0;4;1000;256;30;141;24;1;1;0;0;0;0;0;0;1;0;0;0;0;0;1;1;0;0;0;0;1
1579;4;1800;16;14;4096;6;0;512;70;157;640;1;0;0;1;0;0;0;0;0;0;1;0;0;0;0;1;0;0;0;0;1
569;4;2000;8;15,6;0;5;0;256;30;141;512;1;0;0;0;0;0;0;0;1;0;0;0;0;0;1;1;0;0;0;0;1
999;4;2400;16;17,3;4096;6;0;512;45;127;896;1;0;0;1;0;0;0;0;1;0;0;0;0;0;1;1;0;0;0;0;1
1899;4;1800;16;15,6;2048;5;0;1000;56;282;512;1;0;0;1;0;0;0;0;0;1;0;0;0;0;0;1;0;0;0;0;0
1699;4;1800;16;15,6;4096;5;0;512;51,5;282;640;1;0;0;1;1;1;0;0;0;0;0;0;0;0;1;1;0;0;0;0;1
1799;6;2200;16;17,3;8192;9;1000;256;86;127;2048;1;0;0;1;0;0;0;0;1;1;0;0;0;0;0;1;0;0;0;0;1
1999;4;1800;16;13,9;0;4;0;1000;60;316;24;1;0;0;1;1;1;0;0;1;0;0;0;0;0;1;1;0;0;0;0;1
2879;8;2300;16;15,4;4096;5;0;512;83,6;220;1024;1;0;0;1;1;0;0;0;0;0;0;0;1;0;0;0;1;0;0;0;1
649;4;1600;8;15,6;2048;6;0;256;36;141;256;1;0;0;0;0;0;0;0;1;0;0;0;0;0;1;1;0;0;0;0;1
1099;4;1600;16;13,3;0;4;0;512;38;165;24;1;0;0;1;1;1;0;0;0;0;0;0;0;1;0;1;0;0;0;0;1
1999;6;2200;16;15,6;4096;8;1000;256;90;141;512;1;0;0;1;0;0;0;0;0;1;0;0;0;0;0;1;0;0;0;0;0
599;4;2300;8;17,3;0;6;0;256;36;127;640;1;0;0;0;0;0;0;0;1;0;0;0;0;0;1;0;0;0;0;1;1
1399;4;2300;8;17,3;6144;6;1000;128;60;127;1920;1;0;0;1;1;0;0;0;0;0;0;0;0;1;0;1;0;0;0;0;1
899;4;2400;8;15,6;3072;7;1000;256;52,5;141;640;1;0;0;1;0;0;0;0;0;1;0;0;0;0;0;1;0;0;0;0;0
1879;6;2600;16;15,6;4096;6;0;256;56;141;512;1;0;0;1;0;0;0;0;0;0;0;0;0;1;0;1;0;0;0;0;1
829;4;1600;8;15,6;4096;5;0;256;52;141;640;1;0;0;1;0;0;0;0;0;0;0;0;0;0;1;1;0;0;0;0;0
889;4;1800;8;17,3;4096;6;1000;256;30;127;384;1;0;0;0;1;0;0;0;0;0;0;0;0;0;1;1;0;0;0;0;1
2399;6;2600;16;15,6;4096;8;0;512;97;141;768;1;0;0;1;0;0;0;0;1;0;0;0;0;1;0;1;0;0;0;0;0
2499;6;2900;16;15,6;4096;5;0;512;97;282;768;1;0;0;0;1;1;0;0;1;0;0;0;0;1;0;1;0;0;0;0;1
1199;6;2200;8;15,6;4096;7;1000;256;70;141;384;1;0;0;1;1;0;0;1;0;1;0;0;0;0;0;0;0;0;0;1;0
2499;6;2200;32;15,6;4096;5;0;1000;97;282;768;1;0;0;1;0;1;0;0;1;0;0;0;0;1;0;1;0;0;0;0;1
1429;4;1800;16;14;0;5;0;512;50;157;24;1;0;0;1;0;0;0;0;1;0;1;0;0;0;0;1;0;0;0;0;1
469;2;2300;4;14;0;5;0;128;45;111;12;1;0;0;0;1;1;0;0;1;0;0;0;0;0;1;1;0;0;0;0;1
2349;4;3100;16;15,6;4096;4;0;512;75;282;1280;1;0;0;1;1;0;0;0;1;0;0;0;0;1;0;1;0;0;0;0;1
549;4;2100;8;15,6;0;6;1000;0;37;100;512;1;0;0;0;0;0;0;0;1;0;0;1;0;0;0;1;0;0;0;0;1
799;4;1600;16;17,3;2048;6;0;256;41;127;320;1;1;0;0;0;0;0;0;1;1;0;0;0;0;0;1;0;0;0;0;0
1699;6;2200;16;15,6;6144;8;1000;256;66;141;1280;1;0;0;1;0;0;0;0;1;0;1;0;0;0;0;1;0;0;0;0;1
1399;6;2200;8;15,6;6144;8;1000;128;60;141;1920;1;0;0;1;1;0;0;0;0;0;0;0;0;1;0;1;0;0;0;0;1
1999;4;3100;8;15,6;4096;4;0;512;75;141;1280;1;0;0;1;1;0;0;0;1;0;0;0;0;1;0;1;0;0;0;0;1
1179;4;1800;8;13,3;0;4;0;256;52;165;24;0;0;0;1;0;0;0;0;1;0;0;0;0;1;0;1;0;0;0;0;1
1357,03;6;2600;8;15,6;6144;7;1000;512;55;141;1536;1;0;0;1;0;0;0;0;1;0;0;1;0;0;0;1;0;0;0;0;1
819;4;2200;8;15,6;0;5;1000;256;52,5;141;640;1;0;0;1;0;1;0;0;1;1;0;0;0;0;0;1;0;0;0;0;1
2099;4;1800;16;13,3;0;4;0;2000;52;331;24;0;0;0;1;0;1;0;0;1;0;0;0;0;1;0;1;0;0;0;0;1
1499;6;2200;16;15,6;6144;8;1000;256;57;141;1280;1;0;0;1;0;0;0;0;1;0;0;0;0;0;1;1;0;0;0;0;1
1179;4;1800;8;13,3;0;4;0;256;48;165;24;1;0;0;1;1;0;0;0;1;0;0;0;0;0;1;1;0;0;0;0;1
2179;6;2200;16;15,6;4096;5;0;1000;97;282;768;1;0;0;1;1;0;0;0;1;0;0;0;0;1;0;1;0;0;0;0;1
1399;6;2200;8;15,6;6144;8;1000;128;60;141;1920;1;0;0;1;1;0;0;0;0;0;0;0;0;1;0;1;0;0;0;0;1
1779;2;1200;16;13,3;0;3;0;1000;46;276;24;0;0;0;1;0;1;0;0;1;0;0;0;0;1;0;1;0;0;0;0;1
1199;4;1800;8;17,3;4096;6;1000;256;52;127;384;1;1;0;0;1;0;0;0;1;1;0;0;0;0;0;1;0;0;0;0;0
1579;6;2500;16;15,6;4096;8;0;512;68;141;384;1;0;0;1;0;0;0;0;0;0;0;0;0;1;0;1;0;0;0;0;1
1599;2;1500;8;13,3;0;2;0;512;46;276;24;0;0;0;1;1;1;0;0;1;0;0;0;0;1;0;1;0;0;0;0;1
769;4;1600;8;14;0;7;0;256;45;157;24;1;0;0;0;1;0;0;0;1;0;0;0;0;0;1;1;0;0;0;0;1
419;2;2600;8;15,6;0;5;0;256;36;141;192;1;1;0;0;0;0;0;0;1;0;0;0;0;0;1;1;0;0;0;0;1
519;2;2500;8;15,6;0;4;1000;0;30;141;24;1;1;0;0;0;0;0;0;1;0;0;0;0;0;1;1;0;0;0;0;1
499;4;2100;8;15,6;0;6;0;256;41;141;512;1;1;0;0;0;0;0;0;1;1;0;0;0;0;0;1;0;0;0;0;0
899;4;1800;8;14;2048;5;0;512;52,5;157;256;1;0;0;0;0;0;0;0;1;0;0;0;0;0;1;1;0;0;0;0;1
599;4;3400;8;17,3;0;7;1000;0;42;127;24;1;0;0;0;0;0;0;0;1;0;0;0;0;1;0;1;0;0;0;0;1
1049;4;2300;16;13,3;0;4;0;512;53;165;640;1;0;1;1;1;1;0;0;0;1;0;0;0;0;0;1;0;0;0;0;0
1199;4;1900;8;12,5;0;7;0;256;51;125;24;1;0;0;0;0;0;0;0;0;0;0;0;0;1;0;1;0;0;0;0;1
1699;6;2600;16;15,6;6144;9;1000;512;69;141;1920;1;0;0;1;0;0;0;0;0;1;0;0;0;0;0;1;0;0;0;0;0
1599;6;2200;8;15,6;6144;8;1000;128;70;141;1920;1;0;0;1;0;0;0;0;1;1;0;0;0;0;0;1;0;0;0;0;0
1249;4;1800;8;15,6;4096;7;1000;512;48;141;640;1;0;0;1;1;1;0;0;1;0;0;1;0;0;0;1;0;0;0;0;1
779;4;2300;8;15,6;2048;6;1000;0;52,5;141;640;1;0;0;1;0;0;0;0;1;1;0;0;0;0;0;1;0;0;0;0;0
2179;6;2600;16;15,6;4096;4;0;512;56;141;768;1;0;0;1;0;0;0;0;1;0;0;0;0;1;0;1;0;0;0;0;1
1479;4;1800;8;14;0;7;0;256;24;157;24;1;0;0;1;1;0;1;0;1;0;0;0;0;0;1;1;0;0;0;0;1
1799;2;1500;16;13,3;0;4;0;512;28;165;24;0;0;0;1;0;1;0;0;1;1;0;0;0;0;0;1;0;0;0;0;1
599;4;1600;8;15,6;0;4;0;256;30;141;24;1;0;0;0;0;0;0;0;1;0;0;0;0;0;1;1;0;0;0;0;1
1179;6;2200;8;15,6;4096;8;0;256;68;141;384;1;0;0;1;0;0;0;0;0;0;0;0;0;1;0;1;0;0;0;0;1
2749;6;2600;16;15,6;4096;6;0;512;80;141;1024;1;0;0;1;1;0;0;0;1;0;0;0;0;0;1;1;0;0;0;0;0
2079;4;1800;16;15,6;2048;7;0;1000;57;141;384;1;0;0;1;1;0;1;0;1;0;0;0;0;0;1;1;0;0;0;0;1
1929;4;1900;16;14;0;5;0;512;60;157;24;1;0;0;0;1;0;0;0;1;0;0;0;0;1;0;1;0;0;0;0;1
1499;4;1800;8;13,3;0;4;0;256;52;331;24;0;0;0;1;0;1;0;0;1;0;0;0;0;1;0;1;0;0;0;0;0
2799;6;2900;32;15,6;4096;6;0;512;95,6;141;512;1;0;1;1;0;0;0;0;1;1;0;0;0;0;0;1;0;0;0;0;0
2229;4;1800;16;13,3;0;3;0;1000;52;331;24;0;0;0;1;1;1;0;0;1;0;0;0;0;1;0;1;0;0;0;0;1
729;4;2300;8;15,6;2048;6;1000;0;45;141;640;1;0;0;0;0;0;0;0;0;0;0;0;0;0;1;1;0;0;0;0;1
1099;4;1800;8;13,3;0;4;0;512;42;165;24;0;0;0;1;1;0;0;0;1;0;0;0;0;0;1;1;0;0;0;0;1
2549;6;2600;16;15,6;4096;6;0;512;80;141;768;1;0;0;1;1;0;0;0;1;0;0;0;0;0;1;1;0;0;0;0;0
1149;4;1800;8;15,6;0;6;0;256;45;141;24;1;0;0;1;1;0;1;0;1;0;0;0;0;0;1;1;0;0;0;0;1
1049;4;1800;8;13,3;0;6;0;512;54;165;24;1;0;0;1;1;1;0;0;1;0;0;1;0;0;0;1;0;0;0;0;1
1449;2;1500;8;13,3;0;3;0;256;46;165;24;0;0;0;0;1;1;0;0;1;0;0;0;0;1;0;1;0;0;0;0;0
3279;8;2300;32;15,4;4096;5;0;512;83,6;220;1024;1;0;0;1;1;0;0;0;0;0;0;0;1;0;0;0;1;0;0;0;1
1729;4;1800;16;13,3;0;4;0;512;51;165;24;1;0;0;1;1;1;1;0;1;0;0;0;0;0;1;1;0;0;0;0;1
499;2;2500;8;15,6;0;4;0;256;30;100;24;1;1;0;0;0;0;0;0;1;0;0;0;0;0;1;1;0;0;0;0;1
3849;8;2300;32;15,4;4096;5;0;1024;83,6;220;1280;1;0;0;1;1;0;0;0;0;0;0;0;1;0;0;0;1;0;0;0;1
1529;4;1800;16;15,6;2048;7;0;256;57;141;384;1;0;0;1;1;0;0;0;1;0;0;0;0;0;1;1;0;0;0;0;1
899;4;1800;16;17,3;2048;6;1000;128;41;127;384;1;1;0;0;0;0;0;0;1;1;0;0;0;0;0;1;0;0;0;0;0
999;4;1800;8;14;4096;6;0;256;48;157;384;1;0;0;1;1;0;0;0;1;0;0;1;0;0;0;1;0;0;0;0;1
2099;6;2600;16;17,3;8192;8;0;512;90;127;2304;1;0;0;1;1;0;0;0;0;0;0;0;0;1;0;1;0;0;0;0;0
599;4;1600;8;17,3;0;6;0;256;41;106;24;1;1;0;0;0;0;0;0;1;1;0;0;0;0;0;1;0;0;0;0;0
3179;6;2600;16;17,3;6144;10;0;512;99;127;1792;1;0;0;1;1;0;0;0;1;0;0;0;0;0;1;1;0;0;0;0;0
529;4;1600;8;15,6;0;6;0;256;41;141;256;1;1;0;0;0;0;0;0;1;1;0;0;0;0;0;0;0;1;0;0;1
549;4;1600;8;14;0;5;0;256;52,5;157;24;1;0;0;0;0;0;0;0;1;0;0;0;0;0;1;0;0;0;0;1;1
799;4;1600;8;15,6;0;5;0;256;67;141;24;1;0;0;1;1;1;0;0;1;1;0;0;0;0;0;1;0;0;0;0;1
3079;8;2300;16;15,4;4096;5;0;1024;83,6;220;1024;1;0;0;1;1;0;0;0;0;0;0;0;1;0;0;0;1;0;0;0;1
1329;4;1600;8;13,3;0;7;0;256;50;165;24;1;0;0;1;0;0;1;0;1;1;0;0;0;0;0;1;0;0;0;0;1
1699;6;2600;16;15,6;6144;7;0;512;90;141;1920;1;0;0;1;1;0;0;0;0;0;0;0;0;1;0;1;0;0;0;0;0
499;2;2300;8;17,3;0;6;0;512;41;106;12;1;1;0;0;0;0;0;0;1;1;0;0;0;0;0;1;0;0;0;0;0
849;4;1800;8;15,6;4096;7;0;256;48;141;384;1;0;0;1;0;0;0;0;1;0;0;1;0;0;0;1;0;0;0;0;1
474;4;1600;8;15,6;0;4;0;256;30;141;24;1;1;0;0;0;0;0;0;1;0;0;0;0;0;1;0;0;0;0;1;1
1199;4;1800;16;15,6;4096;5;0;512;67;141;384;1;0;0;1;1;1;0;0;1;1;0;0;0;0;0;1;0;0;0;0;1
219,9;2;2300;4;15,6;0;5;0;256;30;100;128;1;0;0;0;0;0;0;0;0;0;0;0;0;0;1;0;0;0;0;1;1
414;2;2500;8;15,6;0;6;0;256;41;141;192;1;1;0;0;0;0;0;0;1;1;0;0;0;0;0;1;0;0;0;0;1
899;4;1800;8;15,6;0;5;0;256;67;141;24;1;0;0;1;1;1;0;0;1;1;0;0;0;0;0;1;0;0;0;0;1
549;4;1600;4;15,6;0;7;1000;0;42;141;24;1;0;0;0;0;0;0;0;1;0;0;0;0;1;0;1;0;0;0;0;1
853,4;4;1800;8;17,3;4096;6;0;256;41;127;384;1;1;0;0;0;0;0;0;1;1;0;0;0;0;0;1;0;0;0;0;0
429;2;2100;8;17,3;0;6;0;256;36;96;24;1;1;0;0;0;0;0;0;1;0;0;0;0;0;1;0;0;1;0;0;1
749;4;1800;8;15,6;0;4;1000;0;41;141;24;1;0;0;0;1;0;0;0;1;1;0;0;0;0;0;1;0;0;0;0;1
599;2;2200;8;17,3;0;6;0;256;41;127;24;1;1;0;0;0;0;0;0;1;1;0;0;0;0;0;1;0;0;0;0;0
939;4;1800;8;15,6;2048;5;1000;256;32;141;384;1;0;0;0;1;0;0;0;1;0;1;0;0;0;0;1;0;0;0;0;1
999;4;2200;8;15,6;4096;6;1000;128;56;141;768;1;0;0;0;0;0;0;0;1;0;0;0;0;1;0;1;0;0;0;0;1
849;4;1800;8;15,6;0;6;0;256;48;141;24;1;0;0;1;1;0;0;0;1;0;0;1;0;0;0;1;0;0;0;0;1
799;4;1800;8;15,6;0;6;0;256;41;141;24;1;1;0;0;0;0;0;0;1;1;0;0;0;0;0;1;0;0;0;0;0
999;4;2400;8;17,3;3072;7;0;512;55;127;640;1;0;0;1;0;0;0;0;1;0;0;1;0;0;0;1;0;0;0;0;1
1599;4;1400;8;13,3;0;3;0;256;58,2;226;48;0;0;0;0;0;0;0;0;0;0;0;0;1;0;0;0;1;0;0;0;1
1199;4;2500;8;15,6;4096;5;1000;128;56;141;640;1;0;0;1;0;0;0;0;1;0;0;0;0;1;0;1;0;0;0;0;0
579;4;1600;8;15,6;2048;6;0;512;41;141;24;1;1;0;0;0;0;0;0;1;1;0;0;0;0;0;1;0;0;0;0;1
344;2;2300;8;15,6;0;6;0;256;41;141;24;1;1;0;0;0;0;0;0;1;1;0;0;0;0;0;0;0;1;0;0;1
749;4;1800;8;15,6;0;6;0;256;41;141;24;1;0;0;0;0;0;0;0;1;1;0;0;0;0;0;1;0;0;0;0;1
799;4;1800;8;15,6;0;5;0;256;41;141;24;1;0;0;1;0;0;0;0;1;1;0;0;0;0;0;1;0;0;0;0;0
799;4;1800;8;15,6;0;6;1000;128;41;141;24;1;0;0;0;1;0;0;0;1;1;0;0;0;0;0;1;0;0;0;0;1
899;4;1800;8;15,6;2048;6;1000;128;41;141;384;1;0;0;1;0;0;0;0;1;1;0;0;0;0;0;1;0;0;0;0;1
869;4;1800;8;14;0;6;0;256;48;157;24;1;0;0;0;0;1;0;0;1;1;0;0;0;0;0;1;0;0;0;0;1
1129;4;1600;8;13,3;0;3;0;512;50;165;24;0;0;0;1;0;1;0;0;1;0;1;0;0;0;0;1;0;0;0;0;1
999;4;1800;8;13,3;0;4;0;256;53;165;24;1;0;0;1;1;0;0;0;0;1;0;0;0;0;0;1;0;0;0;0;1
3199;6;2200;32;15,6;4096;6;0;1000;80;282;768;1;0;0;1;1;1;0;0;1;0;0;0;0;0;1;1;0;0;0;0;1
1149;2;1600;8;13,3;0;2;0;128;49,9;226;24;0;0;0;1;1;0;0;0;0;0;0;0;1;0;0;0;1;0;0;0;1
1129;4;1800;16;13,3;0;5;0;512;45;165;24;1;0;0;0;1;0;0;0;1;0;0;0;0;0;1;1;0;0;0;0;1
2599;6;2600;32;15,6;8192;9;1000;512;69;141;2944;1;0;0;1;0;0;0;0;0;1;0;0;0;0;0;1;0;0;0;0;1
947;4;1600;8;14;2048;5;0;512;48;157;384;1;0;0;1;1;0;0;0;1;0;0;1;0;0;0;1;0;0;0;0;1
1149;4;1800;8;17,3;4096;7;1000;256;52,5;127;384;1;1;0;1;1;0;0;0;0;1;0;0;0;0;0;1;0;0;0;0;1
599;4;2100;8;15,6;0;6;0;256;37;141;512;1;0;0;0;0;0;0;0;1;0;0;1;0;0;0;1;0;0;0;0;1
739;4;1600;8;15,6;2048;6;0;256;45;141;24;1;0;0;1;1;0;0;0;1;1;0;0;0;0;0;1;0;0;0;0;1
1899;4;1800;16;14;4096;7;0;512;24;209;384;1;0;0;1;1;0;1;0;1;0;0;0;0;0;1;1;0;0;0;0;1
569;4;1600;8;15,6;2048;6;0;256;41;141;24;1;1;0;0;0;0;0;0;1;1;0;0;0;0;0;1;0;0;0;0;1
1649;4;1800;16;13,3;0;4;0;512;60;331;24;0;0;0;1;1;1;0;0;1;1;0;0;0;0;0;1;0;0;0;0;1
1079;4;1800;16;14;2048;7;0;512;45;157;640;1;0;0;1;1;0;0;0;1;0;0;0;0;0;1;1;0;0;0;0;1
1099;2;2700;8;12;0;3;0;512;37;216;24;0;0;0;1;1;1;0;0;1;0;0;1;0;0;0;1;0;0;0;0;1
3199;6;2600;16;15,6;8192;7;0;512;72;141;2944;1;0;0;1;0;0;0;0;0;1;0;0;0;0;0;1;0;0;0;0;1
849;4;1600;8;13,3;0;6;1000;128;45;165;24;1;0;0;0;1;0;0;0;1;1;0;0;0;0;0;1;0;0;0;0;1
829;4;2200;8;14;0;5;0;512;45;157;640;1;0;0;1;0;0;0;0;0;0;0;0;0;0;1;1;0;0;0;0;1
389,99;2;2300;8;15,6;2048;6;1000;0;41;100;24;1;1;0;0;0;0;0;0;1;1;0;0;0;0;0;1;0;0;0;0;1
739;4;1600;8;15,6;2048;7;1000;128;48;141;384;1;0;0;0;0;0;0;0;1;0;0;1;0;0;0;1;0;0;0;0;1
699;4;2300;8;15,6;0;5;0;512;52,5;141;640;1;0;0;0;0;0;0;0;1;0;0;0;0;0;1;1;0;0;0;0;1
1049;4;1600;8;13,3;0;4;0;256;43,7;165;24;0;0;0;1;0;1;0;0;1;1;0;0;0;0;0;1;0;0;0;0;1
1189;6;2200;16;15,6;4096;6;1000;256;52,5;141;768;1;0;0;1;0;0;0;0;1;1;0;0;0;0;0;1;0;0;0;0;1
2149;4;1800;16;14;0;5;0;512;57;157;24;0;0;0;1;1;0;1;1;0;0;0;0;0;0;1;1;0;0;0;0;1
2099;4;2200;16;15,6;4096;5;0;512;97;282;768;1;0;0;1;1;1;0;0;1;0;0;0;0;1;0;1;0;0;0;0;1
1269;4;1600;8;12,5;0;6;0;256;48;176;24;1;0;0;1;1;0;1;0;1;0;0;0;0;0;1;1;0;0;0;0;1
799;4;2300;8;14;0;5;0;512;45;157;640;1;0;0;1;1;1;0;0;1;0;0;0;0;0;1;1;0;0;0;0;1
2549;6;2200;16;15,6;4096;6;0;512;80;282;768;1;0;0;1;1;1;0;0;1;0;0;0;0;0;1;1;0;0;0;0;1
1779;6;2200;8;15,6;4096;10;0;256;90;141;512;1;0;0;1;1;0;0;0;0;0;0;0;0;0;1;1;0;0;0;0;1
899;4;1600;8;13,3;0;4;0;256;50;165;24;0;0;0;1;1;0;0;0;1;0;1;0;0;0;0;1;0;0;0;0;1
1199;4;1800;16;15,6;4096;6;0;512;68;141;768;1;0;0;1;0;0;0;0;1;1;0;0;0;0;0;1;0;0;0;0;1
1329;6;2200;8;15,6;4096;6;0;256;71;141;768;1;0;0;1;1;0;0;0;1;0;1;0;0;0;0;1;0;0;0;0;0
499;2;2300;8;15,6;0;5;0;256;30;141;24;1;1;0;0;0;0;0;0;1;0;0;0;0;0;1;1;0;0;0;0;0
1729;4;1800;16;15,6;0;7;0;512;56;141;24;1;0;0;0;0;0;1;0;1;1;0;0;0;0;0;1;0;0;0;0;1
3249;6;2900;16;15,6;4096;6;0;512;95,6;282;768;1;0;1;1;1;1;0;0;1;1;0;0;0;0;0;1;0;0;0;0;0
2379;4;1800;16;14;0;6;0;512;54;209;24;0;0;0;1;1;1;1;1;0;0;0;0;0;0;1;1;0;0;0;0;1
899;4;1600;8;13,3;0;5;0;256;38;165;24;1;0;0;1;0;0;0;0;1;0;0;0;0;1;0;1;0;0;0;0;1
2479;6;2200;16;15,6;4096;6;0;512;95,6;282;512;1;0;1;1;1;1;0;0;0;1;0;0;0;0;0;1;0;0;0;0;1
3299;6;2600;16;15,6;4096;8;0;1000;80;282;768;1;0;0;1;1;1;0;0;0;0;0;0;0;0;1;1;0;0;0;0;1
3329;6;2600;32;15,6;6144;10;0;512;90;282;1792;1;0;0;1;1;1;0;0;0;0;0;0;0;0;1;1;0;0;0;0;1
3599;6;2900;32;15,6;4096;6;0;1000;95,6;282;512;1;0;1;1;1;1;0;0;0;1;0;0;0;0;0;1;0;0;0;0;1
2829;4;2200;32;15,6;4096;5;0;1000;97;282;768;1;0;0;1;1;1;0;0;1;0;0;0;0;1;0;1;0;0;0;0;1
2629;4;1800;16;14;0;5;0;1000;57;209;24;0;0;0;1;1;0;1;1;0;0;0;0;0;0;1;1;0;0;0;0;1
699;4;1600;8;17,3;0;6;1000;128;41;127;24;1;1;0;0;0;0;0;0;1;1;0;0;0;0;0;1;0;0;0;0;0
2299;6;2600;16;15,6;4096;10;0;512;90;141;768;1;0;0;1;1;0;0;0;0;0;0;0;0;0;1;1;0;0;0;0;1
413,4;2;2600;8;14;0;6;0;256;41;157;192;1;0;0;0;0;0;0;0;1;1;0;0;0;0;0;1;0;0;0;0;0
989;2;1800;8;13,3;0;4;0;128;54;127;48;0;0;0;0;0;0;0;0;0;0;0;0;1;0;0;0;1;0;0;0;1
1199;4;1800;16;13,3;0;6;0;512;45;165;24;1;0;0;1;1;0;0;0;1;0;0;0;0;0;1;1;0;0;0;0;1
1299;4;1800;8;13,3;0;4;0;256;48;165;24;1;0;0;1;1;0;0;0;1;0;0;0;0;0;1;1;0;0;0;0;1
2179;4;1800;16;14;0;7;0;1000;57;157;24;1;0;0;1;1;0;1;0;1;0;0;0;0;0;1;1;0;0;0;0;1
2149;4;1800;16;14;2048;6;0;512;50;209;384;1;0;0;1;1;0;0;0;1;0;0;0;0;0;1;1;0;0;0;0;1
1699;6;2300;16;15,6;4096;7;0;512;70;141;384;1;0;1;1;0;0;0;0;0;1;0;0;0;0;0;1;0;0;0;0;1
1799;6;2200;16;15,6;8192;8;1000;256;70;141;2048;1;0;0;0;0;0;0;0;1;1;0;0;0;0;0;1;0;0;0;0;1
2629;6;2200;16;15,6;4096;6;0;256;80;141;768;1;0;0;1;1;0;0;0;1;0;0;0;0;0;1;1;0;0;0;0;1
2079;4;1800;16;13,5;4096;3;0;512;37;200;384;0;0;0;1;1;1;0;0;1;0;0;1;0;0;0;1;0;0;0;0;1
819;4;2100;16;15,6;0;7;0;512;45;141;512;1;0;0;0;0;0;0;0;1;0;0;0;0;0;1;1;0;0;0;0;1
1379;6;2200;8;15,6;4096;7;0;256;70;141;384;1;0;1;0;1;0;0;0;0;1;0;0;0;0;0;1;0;0;0;0;1
2599;4;3100;16;15,6;4096;4;0;512;75;282;1280;1;0;0;1;1;0;0;0;1;0;0;0;0;1;0;1;0;0;0;0;1
1729;4;1800;8;15,6;2048;8;0;256;72;141;256;1;0;0;1;1;0;0;1;0;0;0;0;0;0;1;1;0;0;0;0;1
2429;4;1800;16;14;0;6;0;512;54;209;24;0;0;0;1;1;1;1;1;0;0;0;0;0;0;1;1;0;0;0;0;1
1829;4;1800;16;13,3;0;3;0;512;52;331;24;0;0;0;1;1;1;0;0;1;0;0;0;0;1;0;1;0;0;0;0;1
1549;6;2200;16;15,6;4096;7;0;256;70;141;384;1;0;0;0;1;0;0;0;0;1;0;0;0;0;0;1;0;0;0;0;1
2699;6;2200;16;17,3;4096;10;0;512;99;127;768;1;0;0;1;1;0;0;0;1;0;0;0;0;0;1;1;0;0;0;0;0
1049;4;1800;8;15,6;2048;8;1000;256;48;141;384;1;0;0;1;0;0;0;0;1;0;0;1;0;0;0;1;0;0;0;0;1
3279;6;2900;16;17,3;6144;9;0;512;95,6;127;1792;1;1;0;1;0;0;0;0;1;1;0;0;0;0;0;1;0;0;0;0;0
3179;6;2600;32;15,6;6144;10;0;512;90;141;1792;1;0;0;1;1;0;0;0;0;0;0;0;0;0;1;1;0;0;0;0;1
2629;6;2600;16;17,3;4096;10;0;512;99;127;384;1;0;0;1;1;0;0;0;1;0;0;0;0;0;1;1;0;0;0;0;0
2479;6;2600;16;15,6;4096;8;0;512;80;141;512;1;0;0;1;1;0;0;0;0;0;0;0;0;0;1;1;0;0;0;0;1
2129;6;2200;16;15,6;4096;8;0;256;80;141;512;1;0;0;1;1;0;0;0;0;0;0;0;0;0;1;1;0;0;0;0;1
2649;6;2600;16;15,6;4096;8;0;512;80;141;768;1;0;0;1;1;0;0;0;0;0;0;0;0;0;1;1;0;0;0;0;1
1629;4;1800;8;15,6;0;8;0;256;57;141;24;1;0;0;1;1;0;1;0;1;0;0;0;0;0;1;1;0;0;0;0;1
1049;4;1800;8;13,3;0;6;0;256;45;165;24;1;0;0;1;1;0;0;0;1;0;0;0;0;0;1;1;0;0;0;0;1
1799;6;2600;16;15,6;4096;7;0;512;70;141;384;1;0;0;0;1;0;0;0;0;1;0;0;0;0;0;1;0;0;0;0;1
1829;4;1800;16;13,3;0;6;0;512;50;165;24;1;0;0;1;1;1;0;0;1;0;0;0;0;0;1;1;0;0;0;0;1
2079;4;1800;16;14;0;7;0;512;57;157;24;1;0;0;1;1;0;1;0;1;0;0;0;0;0;1;1;0;0;0;0;1
479;2;2300;8;15,6;2048;6;0;512;41;141;24;1;1;0;0;0;0;0;0;1;1;0;0;0;0;0;1;0;0;0;0;1
2379;4;1800;16;14;0;6;0;512;54;209;24;0;0;0;1;1;1;1;1;0;0;0;0;0;0;1;1;0;0;0;0;1
2229;6;2200;16;15,6;4096;5;0;512;95,6;141;512;1;0;1;1;0;0;0;0;0;1;0;0;0;0;0;1;0;0;0;0;1
2099;6;2200;8;17,3;6144;9;0;256;96;127;1792;1;0;1;1;1;0;0;0;0;1;0;0;0;0;0;1;0;0;0;0;0
1979;4;1800;16;14;0;6;0;1000;50;157;24;1;0;0;1;1;0;0;0;1;0;0;0;0;0;1;1;0;0;0;0;1
2329;4;1800;16;14;0;7;0;1000;57;209;24;1;0;0;1;1;0;1;0;1;0;0;0;0;0;1;1;0;0;0;0;1
1049;4;1800;8;14;0;7;0;256;45;157;24;1;0;0;1;1;0;1;0;1;0;0;0;0;0;1;1;0;0;0;0;1
2079;4;1800;16;14;2048;4;0;512;50;157;512;1;0;0;1;0;0;0;0;0;1;0;0;0;0;0;1;0;0;0;0;0
2349;6;2200;16;17,3;4096;9;0;512;95,6;127;768;1;0;0;1;0;0;0;0;1;1;0;0;0;0;0;1;0;0;0;0;0
849;4;1600;16;17,3;0;6;0;512;36;127;24;1;1;0;0;0;0;0;0;1;0;0;0;0;0;1;1;0;0;0;0;1
1779;4;1800;8;14;0;7;0;256;57;157;24;1;0;0;1;1;0;1;0;1;0;0;0;0;0;1;1;0;0;0;0;1
2229;6;2200;16;15,6;4096;6;0;512;64;141;512;1;0;1;1;1;0;0;1;1;1;0;0;0;0;0;1;0;0;0;0;1
3499;8;2300;32;15,4;4096;5;0;1024;83,6;220;1024;1;0;0;1;1;0;0;0;0;0;0;0;1;0;0;0;1;0;0;0;1
1949;4;1800;16;14;2048;5;0;512;50;157;512;1;0;0;1;0;0;0;0;0;1;0;0;0;0;0;1;0;0;0;0;0
2499;6;2200;16;17,3;4096;9;0;512;95,6;127;512;1;0;0;1;0;0;0;0;1;1;0;0;0;0;0;1;0;0;0;0;0
1179;4;1800;8;13,3;0;4;0;512;48;165;24;1;0;0;1;1;0;0;0;1;0;0;1;0;0;0;1;0;0;0;0;1
1829;4;1800;8;14;0;7;0;256;57;157;24;1;0;0;1;1;0;1;0;1;0;0;0;0;0;1;1;0;0;0;0;1
550;2;2600;8;15,6;2048;6;0;256;41;141;384;1;1;0;0;0;0;0;0;1;1;0;0;0;0;0;1;0;0;0;0;1
1929;4;1800;16;14;0;7;0;512;57;157;24;1;0;0;1;1;0;1;0;1;0;0;0;0;0;1;1;0;0;0;0;1
1649;4;1800;8;15,6;2048;6;0;256;50;141;512;1;0;0;1;0;1;0;0;0;1;0;0;0;0;0;1;0;0;0;0;1
1829;4;1800;16;15,6;2048;6;0;512;50;141;512;1;0;0;1;0;0;0;0;0;1;0;0;0;0;0;1;0;0;0;0;1
2249;6;2600;16;15,6;4096;6;0;512;95,6;141;512;1;0;1;1;0;0;0;0;1;1;0;0;0;0;0;1;0;0;0;0;0
2249;4;1800;16;13,3;0;4;0;1000;52;331;24;0;0;0;1;0;1;0;0;1;0;0;0;0;1;0;1;0;0;0;0;1
1679;4;1800;8;13,3;0;6;0;512;50;165;24;1;0;0;1;1;1;0;0;1;0;0;0;0;0;1;1;0;0;0;0;1
629;4;1600;8;15,6;0;8;1000;0;56;141;24;1;0;0;1;1;0;0;0;1;0;0;0;0;1;0;1;0;0;0;0;1
1699;6;2200;16;17,3;6144;9;1000;512;86;127;1280;1;0;0;1;0;0;0;0;1;1;0;0;0;0;0;1;0;0;0;0;1
1299;4;1600;8;14;0;7;0;256;60;157;24;1;0;0;1;0;0;0;0;0;0;0;0;0;1;0;1;0;0;0;0;1
2279;6;2600;16;15,6;4096;6;0;512;80;141;768;1;0;0;1;1;0;0;0;1;0;0;0;0;0;1;1;0;0;0;0;0
599;2;2600;8;17,3;0;6;0;128;41;127;192;1;1;0;0;0;0;0;0;1;1;0;0;0;0;0;1;0;0;0;0;0
429;2;2000;8;15,6;0;6;0;256;33;141;24;0;0;0;0;0;0;0;0;1;0;1;0;0;0;0;1;0;0;0;0;1
1799;4;1800;16;15,6;4096;5;0;512;84;282;384;1;0;1;1;1;1;0;0;1;1;0;0;0;0;0;1;0;0;0;0;0
999;4;1800;8;13,3;0;5;0;256;45;165;24;1;0;0;0;1;0;0;0;1;0;0;0;0;0;1;1;0;0;0;0;1
1399;6;2600;16;15,6;6144;9;0;512;69;141;1920;1;0;0;1;0;0;0;0;0;1;0;0;0;0;0;0;0;0;0;1;1
649;4;1600;8;13,3;0;4;0;256;53,2;165;24;0;0;1;1;1;0;0;0;1;1;0;0;0;0;0;1;0;0;0;0;0
899;4;1800;8;14;2048;5;0;512;52,5;157;256;1;0;0;0;1;0;0;0;1;0;0;0;0;0;1;1;0;0;0;0;1
669;4;1600;8;15,6;0;5;0;256;37;141;24;1;0;0;1;1;0;0;0;1;0;1;0;0;0;0;1;0;0;0;0;1
1849;4;1800;16;15,6;2048;7;0;512;57;141;384;1;0;0;1;1;0;0;0;1;0;0;0;0;0;1;1;0;0;0;0;1
649;4;2200;16;15,6;0;7;0;256;42;141;640;1;0;0;0;0;0;0;0;1;0;1;0;0;0;0;1;0;0;0;0;1
799;4;1600;8;15,6;2048;5;0;512;52,5;141;384;1;0;0;0;0;0;0;0;1;0;0;0;0;0;1;1;0;0;0;0;1
399;2;2500;4;15,6;0;6;1000;0;41;141;192;1;1;0;0;0;0;0;0;1;1;0;0;0;0;0;0;0;1;0;0;0
999;4;1800;16;15,6;2048;6;0;512;41;141;384;1;0;0;1;0;0;0;0;1;1;0;0;0;0;0;1;0;0;0;0;1
419;2;2500;4;15,6;0;4;0;256;30;141;24;1;1;0;0;0;0;0;0;1;0;0;0;0;0;1;0;0;0;0;1;1
3829;8;2400;32;15,4;4096;5;0;512;83,6;220;1280;1;0;0;1;1;0;0;0;0;0;0;0;1;0;0;0;1;0;0;0;1
839;4;1600;8;15,6;4096;6;1000;256;42;141;384;1;0;0;0;0;0;0;0;1;0;1;0;0;0;0;1;0;0;0;0;1
1799;6;2200;16;15,6;6144;7;0;512;66;141;1920;1;0;0;1;0;0;0;0;1;0;1;0;0;0;0;1;0;0;0;0;1
1549;4;1600;8;14;0;6;0;256;50;157;24;1;0;0;1;1;0;0;0;1;0;0;0;0;0;1;1;0;0;0;0;1
1329;4;1800;16;14;4096;5;0;512;50;157;384;0;0;0;1;0;0;0;0;1;0;1;0;0;0;0;1;0;0;0;0;1
739;2;2700;8;15,6;2048;7;0;512;41;141;24;1;1;0;0;0;0;0;0;1;1;0;0;0;0;0;1;0;0;0;0;0
929;4;1800;8;15,6;2048;7;0;256;45;141;640;1;0;0;1;1;0;0;0;1;0;0;0;0;0;1;1;0;0;0;0;1
649;4;1600;8;15,6;0;6;0;256;41;141;24;1;0;0;0;0;0;0;0;1;1;0;0;0;0;0;1;0;0;0;0;1
2629;6;2600;16;15,4;4096;5;0;512;83,6;220;768;1;0;0;1;1;0;0;0;0;0;0;0;1;0;0;0;1;0;0;0;1
679;4;1600;8;15,6;0;3;0;256;42;141;24;1;0;0;1;0;0;0;0;1;0;1;0;0;0;0;1;0;0;0;0;1
979;4;1800;8;15,6;0;5;0;256;54;141;24;1;1;0;1;1;1;0;0;1;0;0;1;0;0;0;1;0;0;0;0;1
2899;6;2200;16;15,6;8192;8;0;1000;60;141;2944;1;0;0;1;0;0;0;0;1;0;1;0;0;0;0;1;0;0;0;0;1
649;4;1600;8;15,6;0;5;1000;0;41;141;24;1;0;0;0;0;1;0;0;1;1;0;0;0;0;0;1;0;0;0;0;1
669;4;1600;8;15,6;0;8;0;256;56;141;24;1;0;0;1;1;0;0;0;1;0;0;0;0;1;0;1;0;0;0;0;1
869;4;1800;8;14;0;7;1000;256;48;157;24;1;0;0;1;0;0;0;0;1;1;0;0;0;0;0;1;0;0;0;0;1
699;4;1600;8;14;2048;5;0;256;41;111;384;1;0;0;1;0;1;0;0;1;1;0;0;0;0;0;1;0;0;0;0;1
349;2;2300;8;17,3;0;6;0;256;41;106;12;1;1;0;0;0;0;0;0;1;1;0;0;0;0;0;0;0;1;0;0;0
999;4;1800;16;15,6;0;6;0;512;45;141;24;1;0;0;0;1;0;0;0;1;0;0;0;0;0;1;1;0;0;0;0;1
2299;4;1900;16;15,6;2048;7;0;1000;57;282;384;1;0;0;1;1;0;0;0;1;0;0;0;0;0;1;1;0;0;0;0;1
1499;4;1800;8;14;2048;7;0;256;50;157;384;1;0;0;1;1;0;0;0;1;0;0;0;0;0;1;1;0;0;0;0;1
2149;4;1900;16;14;2048;7;0;1000;50;157;384;1;0;0;1;1;0;1;0;1;0;0;0;0;0;1;1;0;0;0;0;1
1599;4;1900;16;14;2048;7;0;512;50;157;384;1;0;0;1;1;0;0;0;1;0;0;0;0;0;1;1;0;0;0;0;1
2249;4;1900;16;14;2048;7;0;1000;50;209;384;1;0;0;1;1;0;0;0;1;0;0;0;0;0;1;1;0;0;0;0;1
2079;4;1900;16;15,6;2048;7;0;1000;57;141;384;1;0;0;1;1;0;1;0;1;0;0;0;0;0;1;1;0;0;0;0;1
419;2;2300;8;15,6;0;4;0;128;30;141;24;1;1;0;0;0;0;0;0;1;0;0;0;0;0;1;1;0;0;0;0;1
829;4;1600;8;13,3;0;4;0;256;53,2;165;24;0;0;1;1;1;0;0;0;1;1;0;0;0;0;0;1;0;0;0;0;1
769;4;1600;8;15,6;4096;7;1000;128;43;141;384;1;0;0;1;1;0;0;0;1;0;0;0;0;1;0;1;0;0;0;0;1
449;2;2300;8;17,3;0;6;0;256;41;106;12;1;1;0;0;0;0;0;0;1;1;0;0;0;0;0;1;0;0;0;0;0
649;2;2200;8;15,6;0;6;0;1256;41;141;24;1;0;0;0;0;0;0;0;1;1;0;0;0;0;0;1;0;0;0;0;1
699;4;1600;8;15,6;0;7;1000;0;45;141;24;1;0;0;0;1;0;0;0;1;0;0;0;0;0;1;1;0;0;0;0;1
1399;4;1600;16;13,9;0;3;0;512;50;158;24;0;0;0;1;1;0;0;0;1;0;1;0;0;0;0;1;0;0;0;0;1
669;4;1600;8;15,6;4096;6;0;256;42;141;384;1;0;0;0;0;0;0;0;1;0;1;0;0;0;0;1;0;0;0;0;1
699;4;2100;8;17,3;0;6;1000;256;41;127;512;1;1;0;0;0;0;0;0;1;1;0;0;0;0;0;1;0;0;0;0;0
1679;4;1800;16;12,5;0;6;0;512;48;176;24;1;0;0;1;1;0;1;0;1;0;0;0;0;0;1;1;0;0;0;0;1
1379;4;1800;8;14;0;7;0;256;24;157;24;1;0;0;1;1;0;0;0;1;0;0;0;0;0;1;1;0;0;0;0;1
949;4;1800;8;15,6;4096;7;1000;128;42;141;384;1;0;0;1;0;0;0;0;1;0;0;0;0;1;0;1;0;0;0;0;1
819;4;1600;16;15,6;0;7;0;512;45;141;24;1;0;0;0;1;0;0;0;1;0;0;0;0;0;1;1;0;0;0;0;1
1729;4;1800;16;14;0;7;0;512;50;157;24;1;0;0;1;1;0;1;0;1;1;0;0;0;0;0;1;0;0;0;0;1
1099;4;2400;8;17,3;6144;9;0;512;70;127;1536;1;0;0;1;0;0;0;0;0;1;0;0;0;0;0;0;0;0;0;1;1
2199;6;2200;16;15,6;4096;6;0;512;64;282;512;1;0;1;1;1;0;0;1;1;1;0;0;0;0;0;1;0;0;0;0;1
1499;4;1800;16;15,6;0;5;0;512;54;141;24;1;0;0;1;1;1;0;0;1;0;0;1;0;0;0;1;0;0;0;0;1
1579;4;1800;8;12,5;0;6;0;256;48;176;24;1;0;0;1;1;0;1;0;1;0;0;0;0;0;1;1;0;0;0;0;1
1029;4;2400;8;15,6;4096;2;0;512;55;141;896;1;0;0;1;0;0;0;0;1;0;0;1;0;0;0;1;0;0;0;0;1
799;4;1600;8;13,3;0;5;0;256;38;165;24;1;0;0;1;0;0;0;0;1;0;0;0;0;1;0;1;0;0;0;0;1
1199;4;1800;16;15,6;4096;6;1000;256;48;141;384;1;0;0;1;1;0;0;0;1;0;0;1;0;0;0;1;0;0;0;0;1
2249;4;1800;16;14;2048;4;0;512;50;314;512;1;0;0;1;0;0;0;0;0;1;0;0;0;0;0;1;0;0;0;0;0
2229;4;1800;32;15,6;2048;5;0;512;50;282;512;1;0;0;1;0;0;0;0;0;1;0;0;0;0;0;1;0;0;0;0;0
1479;4;1800;16;14;0;5;0;512;36;157;24;0;0;0;1;1;1;0;0;1;0;0;1;0;0;0;1;0;0;0;0;1
799;4;1600;8;14;2048;5;0;256;42;157;384;1;0;0;0;0;1;0;0;1;0;0;0;0;1;0;1;0;0;0;0;1
1549;4;1800;8;13,3;0;5;0;256;51;165;24;1;0;0;1;1;1;0;0;1;0;0;0;0;0;1;1;0;0;0;0;1
2279;4;1800;16;15,6;2048;5;0;512;50;282;512;1;0;0;1;0;0;0;0;0;1;0;0;0;0;0;1;0;0;0;0;0
699;4;2100;8;14;0;7;0;256;45;157;512;1;0;0;0;0;0;0;0;1;0;0;0;0;0;1;1;0;0;0;0;1
2629;6;2600;16;15,4;4096;5;0;512;83,6;220;768;1;0;0;1;1;0;0;0;0;0;0;0;1;0;0;0;1;0;0;0;1
414;2;2000;4;17,3;0;6;0;256;42;106;24;1;0;0;0;0;0;0;0;1;0;1;0;0;0;0;0;0;0;0;1;0
849;4;2100;8;13,3;0;4;0;512;53;165;512;1;0;1;1;1;1;0;0;0;1;0;0;0;0;0;1;0;0;0;0;0
679;4;1100;8;11,6;0;5;0;256;48;189;18;1;0;0;0;0;1;0;0;1;0;0;1;0;0;0;1;0;0;0;0;1
849;4;1600;8;13,3;0;6;0;256;54;165;24;1;0;0;1;1;1;0;0;1;0;0;1;0;0;0;1;0;0;0;0;1
899;4;1600;16;14;0;6;0;512;52,5;157;24;1;0;0;1;1;0;0;0;1;0;0;1;0;0;0;1;0;0;0;0;1
769;4;1600;8;15,6;4096;5;0;256;42;141;384;1;0;0;1;0;0;0;0;1;0;1;0;0;0;0;1;0;0;0;0;1
649;4;1600;8;15,6;2048;6;0;256;41;141;24;1;1;0;0;0;0;0;0;1;1;0;0;0;0;0;1;0;0;0;0;1
499;2;2500;8;15,6;0;6;1000;0;37;100;192;1;0;0;0;0;0;0;0;1;0;0;1;0;0;0;1;0;0;0;0;1
749;4;1600;8;14;0;5;0;256;45;157;24;1;0;0;1;0;0;0;0;0;0;0;0;0;0;1;1;0;0;0;0;1
919;2;2500;16;15,6;0;8;0;512;48;141;24;1;0;0;1;0;0;0;0;1;0;0;1;0;0;0;1;0;0;0;0;1
999;4;2300;8;15,6;4096;7;0;1128;70;141;768;1;0;0;1;0;0;0;0;1;1;0;0;0;0;0;1;0;0;0;0;1
994;4;1800;16;15,6;4096;6;1000;256;41;141;384;1;0;0;1;0;0;0;0;1;1;0;0;0;0;0;1;0;0;0;0;1
1249;4;1600;8;13,3;0;4;0;256;61;165;24;1;0;1;1;1;1;0;0;1;1;0;0;0;0;0;1;0;0;0;0;1
619;2;2100;8;17,3;0;6;0;256;36;127;24;1;1;0;0;0;0;0;0;1;0;0;0;0;0;1;1;0;0;0;0;1
249,9;2;2300;4;15,6;0;4;0;128;30;141;12;1;1;0;0;0;0;0;0;1;0;0;0;0;0;1;0;0;0;0;1;1
2079;4;1600;16;14;0;6;0;512;51;157;24;0;0;1;1;1;0;1;1;1;0;0;0;0;0;1;1;0;0;0;0;1
529;2;2000;8;17,3;0;6;0;256;42;106;24;1;0;0;0;0;0;0;0;1;0;1;0;0;0;0;1;0;0;0;0;0
1179;4;1600;16;14;0;6;0;512;45;157;24;1;0;0;1;1;0;1;0;1;0;0;0;0;0;1;1;0;0;0;0;1
2199;4;1600;8;14;0;6;0;256;51;209;24;0;0;1;1;1;1;1;1;1;0;0;0;0;0;1;1;0;0;0;0;1
1949;4;1600;8;14;0;6;0;256;51;157;24;0;0;1;1;1;0;1;1;1;0;0;0;0;0;1;1;0;0;0;0;1
1799;4;1600;8;14;0;6;0;256;51;157;24;0;0;0;1;1;0;0;0;1;0;0;0;0;0;1;1;0;0;0;0;1
469;2;2300;8;15,6;2048;6;1000;128;41;141;24;1;1;0;0;0;0;0;0;1;1;0;0;0;0;0;1;0;0;0;0;1
1079;4;1600;8;14;0;6;0;256;45;157;24;1;0;0;1;1;0;1;0;1;0;0;0;0;0;1;1;0;0;0;0;1
1079;4;1600;16;15,6;0;6;0;512;45;141;24;1;0;0;1;1;0;0;0;1;0;0;0;0;0;1;1;0;0;0;0;1
1049;4;1600;8;15,6;0;6;0;256;45;141;24;1;0;0;1;1;0;1;0;1;0;0;0;0;0;1;1;0;0;0;0;1
599;4;1600;8;15,6;0;5;0;256;33;141;24;1;0;0;0;0;0;0;0;1;0;1;0;0;0;0;1;0;0;0;0;1
649;4;2000;8;14;0;5;0;256;45;157;512;1;0;0;1;0;0;0;0;0;0;0;0;0;0;1;1;0;0;0;0;1
649;4;1600;8;14;0;5;0;256;52,5;157;24;1;0;0;1;0;0;0;0;0;0;0;0;0;0;1;1;0;0;0;0;1
1199;4;1600;16;15,6;0;7;0;512;68;141;24;1;0;0;1;1;0;0;0;1;0;0;0;0;1;0;1;0;0;0;0;1
899;4;2200;8;15,6;0;5;0;256;52,5;141;640;1;0;0;1;0;1;0;0;1;1;0;0;0;0;0;1;0;0;0;0;1
1449;4;1600;8;13,3;0;5;0;256;42;165;24;1;0;0;1;1;1;0;0;1;0;0;0;0;1;0;1;0;0;0;0;1
1149;4;1600;8;14;0;6;0;512;68;157;24;1;0;0;1;1;0;0;0;1;0;0;0;0;1;0;1;0;0;0;0;1
2499;6;2600;32;17,3;8192;8;1000;512;70;127;2944;1;0;0;1;0;0;0;0;0;1;0;0;0;0;0;1;0;0;0;0;0
1279;4;1600;8;13,3;0;6;0;256;60;165;24;1;0;0;1;1;0;0;0;1;0;0;0;0;1;0;1;0;0;0;0;1
1429;4;1600;8;13,3;0;6;0;512;60;165;24;1;0;0;1;1;0;0;0;1;0;0;0;0;1;0;1;0;0;0;0;1
1549;4;1600;16;13,3;0;6;0;512;60;165;24;1;0;0;1;1;0;0;0;1;0;0;0;0;1;0;1;0;0;0;0;1
1279;4;1600;16;14;0;6;0;512;68;157;24;1;0;0;1;1;0;0;0;1;0;0;0;0;1;0;1;0;0;0;0;1
1049;4;1600;8;15,6;0;7;0;512;68;141;24;1;0;0;1;1;0;0;0;1;0;0;0;0;1;0;1;0;0;0;0;1
1899;6;2600;16;17,3;8192;8;1000;512;70;127;2304;1;0;0;1;0;0;0;0;0;1;0;0;0;0;0;1;0;0;0;0;0
849;4;1600;8;13,3;0;4;0;256;53,2;165;24;0;0;0;1;1;0;0;0;1;1;0;0;0;0;0;1;0;0;0;0;1
799;4;2300;8;15,6;2048;6;1000;128;48;141;512;1;0;0;1;0;0;0;0;1;0;0;1;0;0;0;1;0;0;0;0;1
2399;6;2200;16;17,3;4096;10;1000;256;99;127;384;1;0;0;1;1;0;0;0;1;0;0;0;0;0;1;1;0;0;0;0;1
1399;4;1600;16;15,6;4096;5;0;512;67;282;384;1;0;0;1;1;1;0;0;1;1;0;0;0;0;0;1;0;0;0;0;0
599;4;1600;8;15,6;0;6;0;256;36,7;100;24;1;0;0;0;0;0;0;0;1;0;0;1;0;0;0;1;0;0;0;0;1
1829;4;1400;16;13,3;0;3;0;256;58,2;226;48;0;0;0;0;0;0;0;0;0;0;0;0;1;0;0;0;1;0;0;0;1
769;4;2100;16;14;0;7;0;512;45;157;512;1;0;0;1;0;0;0;0;1;0;0;0;0;0;1;1;0;0;0;0;1
999;4;2000;8;13,3;0;4;0;512;53,2;165;512;1;0;1;1;1;1;0;0;1;1;0;0;0;0;0;1;0;0;0;0;1
989;4;1600;8;14;0;6;0;256;68;157;24;1;0;0;1;1;0;0;0;1;0;0;0;0;1;0;1;0;0;0;0;1
1599;2;1600;8;13,3;0;3;0;512;49,9;226;24;0;0;0;1;1;0;0;0;0;0;0;0;1;0;0;0;1;0;0;0;1
1579;2;1600;16;13,3;0;3;0;256;49,9;226;24;0;0;0;1;1;0;0;0;0;0;0;0;1;0;0;0;1;0;0;0;1
1399;4;1800;16;13,3;0;6;0;512;50;165;24;1;0;0;1;1;1;0;0;1;0;1;0;0;0;0;1;0;0;0;0;1
969;4;1600;8;15,6;0;6;0;256;45;141;24;1;0;0;1;1;0;0;0;1;0;0;0;0;0;1;1;0;0;0;0;1
1049;4;1800;16;15,6;4096;6;1000;256;42;141;384;1;0;0;0;0;0;0;0;1;0;1;0;0;0;0;1;0;0;0;0;1
1599;6;2600;16;15,6;4096;7;1000;512;70;141;1536;1;0;0;1;0;0;0;0;1;1;0;0;0;0;0;0;0;0;0;1;0
929;4;1600;8;15,6;0;7;0;256;68;141;24;1;0;0;1;1;0;0;0;1;0;0;0;0;1;0;1;0;0;0;0;1
999;4;1600;8;14;0;6;0;256;45;157;24;1;0;0;1;1;0;0;0;1;0;0;0;0;0;1;1;0;0;0;0;1
374;2;2300;8;17,3;0;6;0;128;30;106;12;1;1;0;0;0;0;0;0;1;0;0;0;0;0;1;1;0;0;0;0;1
599;2;2500;8;14;0;5;0;256;45;111;192;1;0;0;0;1;1;0;0;1;0;0;0;0;0;1;1;0;0;0;0;1
1899;6;2200;16;15,6;4096;5;0;512;71;141;768;1;0;0;1;1;0;0;0;1;0;1;0;0;0;0;1;0;0;0;0;1
1149;4;1600;8;13,3;0;4;0;256;52;165;24;0;0;0;1;0;0;0;0;1;0;0;0;0;1;0;0;0;0;1;0;1
1329;4;1800;16;14;0;5;0;512;50;157;24;0;0;0;1;0;0;0;0;0;0;1;0;0;0;0;1;0;0;0;0;1
1999;4;1800;16;14;0;4;0;1000;52;314;24;0;0;0;1;0;0;0;0;1;0;0;0;0;0;1;1;0;0;0;0;1
799;4;2300;16;15,6;0;4;0;512;41;141;640;1;0;0;0;0;0;0;0;1;1;0;0;0;0;0;1;0;0;0;0;0
949;4;2100;8;17,3;4096;6;0;512;64;127;896;1;0;0;1;0;0;0;0;1;0;1;0;0;0;0;1;0;0;0;0;1
599;2;2200;4;17,3;0;7;500;0;48;127;24;1;1;0;0;0;0;0;0;1;0;0;1;0;0;0;1;0;0;0;0;1
779;4;2300;8;15,6;4096;6;1000;128;56;141;640;1;0;0;0;0;0;0;0;1;0;0;0;0;1;0;0;0;0;1;0;1
1099;4;2400;8;17,3;4096;7;0;512;55;127;896;1;0;0;1;0;0;0;0;1;0;0;1;0;0;0;1;0;0;0;0;1
399;4;2100;8;17,3;0;6;0;256;41;106;512;1;1;0;0;0;0;0;0;1;1;0;0;0;0;0;0;0;1;0;0;0
1379;2;1600;8;13,3;0;2;0;256;49,9;226;24;0;0;0;1;1;0;0;0;0;0;0;0;1;0;0;0;1;0;0;0;1
1399;4;1800;8;14;4096;5;0;512;57;157;384;0;0;0;1;1;1;0;0;1;0;1;0;0;0;0;1;0;0;0;0;1
3129;6;2600;32;15,6;4096;6;0;1000;64;282;512;1;0;1;1;1;1;0;1;1;1;0;0;0;0;0;1;0;0;0;0;1
3749;8;2300;32;15,4;4096;5;0;1024;83,6;220;1024;1;0;0;1;1;0;0;0;0;0;0;0;1;0;0;0;1;0;0;0;1
1199;4;1600;8;15,6;4096;5;0;256;67;282;384;1;0;0;0;1;1;0;0;1;1;0;0;0;0;0;1;0;0;0;0;1
1229;4;1600;8;13,3;0;7;0;256;50;165;24;1;0;0;1;1;0;0;0;1;1;0;0;0;0;0;1;0;0;0;0;1
849;4;2300;8;15,6;4096;6;1000;128;56;141;640;1;0;0;0;0;0;0;0;1;0;0;0;0;1;0;1;0;0;0;0;1
2429;4;1900;32;15,6;2048;5;0;1000;56;282;512;1;0;0;1;0;0;0;0;1;1;0;0;0;0;0;1;0;0;0;0;1
2879;6;2200;16;17,3;6144;9;0;512;95,6;127;1792;1;0;0;1;0;0;0;0;1;1;0;0;0;0;0;1;0;0;0;0;0
2379;6;2600;16;15,6;4096;6;0;512;95,6;141;768;1;0;1;1;0;0;0;0;1;1;0;0;0;0;0;1;0;0;0;0;0
1349;4;2300;8;15,6;4096;5;1000;128;56;141;640;1;0;0;1;0;0;0;0;1;0;0;0;0;1;0;1;0;0;0;0;1
699;4;2100;8;14;0;5;0;512;45;157;512;1;0;0;1;1;1;0;0;1;0;0;0;0;0;1;1;0;0;0;0;1
1579;2;2300;8;13,3;0;3;0;256;54,5;226;48;0;0;0;0;0;0;0;0;0;0;0;0;1;0;0;0;1;0;0;0;1
699;4;1600;8;15,6;0;5;0;256;41;141;24;1;0;0;0;0;0;0;0;1;1;0;0;0;0;0;1;0;0;0;0;0
1099;4;1600;16;17,3;2048;6;0;512;52;127;384;1;1;0;1;1;0;0;0;1;1;0;0;0;0;0;1;0;0;0;0;1
1199;4;1600;8;13,3;0;4;0;256;52;165;24;0;0;0;1;0;0;0;0;1;0;0;0;0;1;0;1;0;0;0;0;1
1349;2;1300;8;13,3;0;3;0;256;46;165;24;0;0;0;0;1;1;0;0;1;0;0;0;0;1;0;1;0;0;0;0;0
1349;4;2300;8;15,6;4096;5;0;256;97;141;640;1;0;0;1;1;0;0;0;1;0;0;0;0;1;0;1;0;0;0;0;1
599;4;2100;8;14;0;5;0;256;52,5;157;512;1;0;0;0;0;0;0;0;1;0;0;0;0;0;1;1;0;0;0;0;1
3679;8;2400;32;15,4;4096;5;0;1024;83,6;220;1024;1;0;0;1;1;0;0;0;0;0;0;0;1;0;0;0;1;0;0;0;1
1449;4;1600;8;14;0;7;0;256;57;157;24;1;0;0;1;1;0;0;0;1;0;0;0;0;0;1;1;0;0;0;0;1
2329;4;1600;16;14;0;6;0;512;51;209;24;0;0;1;1;1;1;1;1;1;0;0;0;0;0;1;1;0;0;0;0;1
1699;4;2800;8;15,6;4096;4;0;256;75;141;1280;1;0;0;1;1;0;0;0;1;0;0;0;0;1;0;1;0;0;0;0;1
1299;4;2500;16;15,6;4096;8;0;256;68;141;384;1;0;0;1;0;0;0;0;0;0;0;0;0;1;0;1;0;0;0;0;1
1829;2;1600;16;13,3;0;2;0;512;50,3;226;24;0;0;0;1;1;0;0;0;0;0;0;0;1;0;0;0;1;0;0;0;1
819;4;1600;8;15,6;0;5;1000;256;41;141;24;1;0;0;1;1;1;0;0;1;1;0;0;0;0;0;1;0;0;0;0;0
1149;4;1600;16;15,6;0;6;0;512;45;141;24;1;0;0;1;1;0;1;0;1;0;0;0;0;0;1;1;0;0;0;0;1
3099;6;2200;16;15,4;4096;5;0;1024;83,6;220;1024;1;0;0;1;1;0;0;0;0;0;0;0;1;0;0;0;1;0;0;0;1
1699;4;1600;8;14;0;6;0;256;52;157;24;0;0;0;1;1;1;0;0;0;0;0;0;0;1;0;1;0;0;0;0;1
1329;4;1700;8;14;0;8;0;256;60;157;24;1;0;0;1;0;0;0;0;0;0;0;0;0;1;0;1;0;0;0;0;1
1479;4;1600;8;13,3;0;3;0;256;52;165;24;0;0;0;1;1;0;0;0;1;0;0;0;0;1;0;1;0;0;0;0;1
1099;4;2300;8;15,6;4096;8;0;256;68;141;384;1;0;0;1;0;0;0;0;1;0;0;0;0;1;0;1;0;0;0;0;1
1329;4;1700;8;13,3;0;6;0;512;60;165;24;1;0;0;0;0;0;0;0;0;0;0;0;0;1;0;1;0;0;0;0;1
1179;4;1600;8;13,3;0;7;0;512;45;165;24;0;0;0;1;0;1;0;0;0;0;0;0;0;1;0;1;0;0;0;0;1
1099;4;2300;8;15,6;4096;8;0;256;68;141;384;1;0;0;1;0;0;0;0;0;0;0;0;0;1;0;1;0;0;0;0;1
529;2;2300;8;15,6;0;6;0;256;41;141;24;1;1;0;0;0;0;0;0;1;1;0;0;0;0;0;1;0;0;0;0;1
769;4;1600;8;14;0;5;0;128;52,5;157;24;1;0;0;1;1;1;0;0;0;0;0;0;0;0;1;1;0;0;0;0;1
999;2;1200;8;13,3;0;3;0;256;46;165;24;0;0;0;1;0;1;0;0;1;0;0;0;0;1;0;1;0;0;0;0;1
899;4;1600;8;14;2048;5;0;512;41;157;384;1;0;0;1;1;1;0;0;1;1;0;0;0;0;0;1;0;0;0;0;1
699;2;2200;8;14;0;5;0;256;41;157;24;1;0;0;1;0;1;0;0;1;1;0;0;0;0;0;1;0;0;0;0;0
399;2;2300;8;15,6;0;4;0;256;30;141;24;1;1;0;0;0;0;0;0;1;0;0;0;0;0;1;0;0;0;0;1;1
689;4;1600;8;17,3;0;6;0;256;36;127;24;1;1;0;0;0;0;0;0;1;0;0;0;0;0;1;1;0;0;0;0;1
779;4;1600;8;17,3;0;6;1000;256;36;127;24;1;1;0;0;0;0;0;0;1;0;0;0;0;0;1;1;0;0;0;0;1
556;2;2200;4;15,6;0;6;0;128;48;141;24;1;0;0;1;1;0;0;0;1;0;0;1;0;0;0;1;0;0;0;0;1
519;2;2100;8;17,3;0;6;0;256;36;96;24;1;1;0;0;0;0;0;0;1;0;0;0;0;0;1;1;0;0;0;0;1
819;4;1600;8;15,6;4096;6;0;256;48;141;384;1;0;0;1;1;0;0;0;1;0;0;1;0;0;0;1;0;0;0;0;1
699;4;1600;8;15,6;0;6;0;512;36;141;24;1;0;0;0;0;0;0;0;1;0;0;0;0;0;1;1;0;0;0;0;1
589;4;1600;8;15,6;0;4;0;512;30;141;24;1;1;0;0;0;0;0;0;1;0;0;0;0;0;1;1;0;0;0;0;1
1199;6;2600;16;15,6;6144;7;0;512;52,5;141;1536;1;0;0;1;0;0;0;0;0;1;0;0;0;0;0;0;0;0;0;1;1
719;2;2100;8;15,6;0;5;1000;256;41;141;24;1;0;0;1;1;1;0;0;1;1;0;0;0;0;0;1;0;0;0;0;0
899;4;1600;16;13,3;0;6;0;512;45;165;24;1;0;0;1;0;0;0;0;1;1;0;0;0;0;0;1;0;0;0;0;1
869;4;1600;8;17,3;4096;7;1000;256;42;127;384;1;0;0;1;0;0;0;0;1;0;1;0;0;0;0;1;0;0;0;0;1
699;4;2300;8;15,6;0;6;1000;256;41;141;640;1;1;0;0;0;0;0;0;1;1;0;0;0;0;0;1;0;0;0;0;1
799;4;2300;8;15,6;0;5;0;512;52,5;141;640;1;0;0;0;0;0;0;0;1;0;0;0;0;0;1;1;0;0;0;0;1
919;4;2200;8;15,6;2048;6;0;256;48;141;512;1;0;0;1;1;0;0;0;1;0;0;1;0;0;0;1;0;0;0;0;0
979;4;1700;8;12,5;0;6;0;256;60;125;24;1;0;0;0;0;0;0;0;0;0;0;0;0;1;0;1;0;0;0;0;1
899;4;1600;8;13,3;0;4;0;256;42;165;24;0;0;0;1;1;0;0;0;1;0;0;0;0;0;1;1;0;0;0;0;1
599;4;2100;8;15,6;0;5;0;512;52,5;141;512;1;0;0;0;0;0;0;0;1;0;0;0;0;0;1;1;0;0;0;0;1
499;4;2100;8;15,6;0;4;0;256;41;100;384;1;0;0;1;0;0;0;0;1;1;0;0;0;0;0;1;0;0;0;0;0
699;4;2300;8;14;0;6;1000;128;41;157;640;1;0;0;0;0;0;0;0;1;1;0;0;0;0;0;1;0;0;0;0;0
344;2;1100;4;17,3;0;6;1000;0;41;106;12;1;1;0;0;0;0;0;0;1;1;0;0;0;0;0;1;0;0;0;0;0
2549;4;1800;16;14;0;6;0;1000;57;157;24;0;0;0;1;1;0;1;1;0;0;0;0;0;0;1;1;0;0;0;0;1
666;4;2000;8;15,6;0;6;0;256;48;141;512;1;0;0;1;1;0;0;0;1;0;0;1;0;0;0;1;0;0;0;0;1
649;2;2200;4;15,6;0;6;1000;128;48;141;24;1;0;0;1;1;0;0;0;1;0;0;1;0;0;0;1;0;0;0;0;1
399;2;2400;8;17,3;0;6;0;256;36;106;192;1;0;0;0;0;0;0;0;1;0;0;0;0;0;1;0;0;0;0;1;1
799;4;1600;8;15,6;2048;6;1000;256;45;141;384;1;0;0;1;0;0;0;0;1;1;0;0;0;0;0;1;0;0;0;0;1
399;2;2300;8;15,6;0;6;0;256;41;100;12;1;1;0;0;0;0;0;0;1;1;0;0;0;0;0;1;0;0;0;0;1
2099;4;1800;16;14;0;6;0;512;57;157;24;0;0;0;1;1;0;0;0;0;0;0;0;0;0;1;1;0;0;0;0;1
499;2;2100;4;14;0;6;0;128;41;111;24;1;0;0;1;1;1;0;0;1;1;0;0;0;0;0;1;0;0;0;0;0
579;2;2200;8;14;0;5;0;256;52,5;157;24;1;0;0;0;0;1;0;0;1;0;0;1;0;0;0;1;0;0;0;0;1
699;4;2300;8;15,6;0;4;1000;128;41;141;640;1;0;0;0;0;0;0;0;1;1;0;0;0;0;0;1;0;0;0;0;0
639;2;2200;4;17,3;0;7;500;0;48;127;24;1;1;0;0;0;0;0;0;1;0;0;1;0;0;0;1;0;0;0;0;1
279;2;2300;4;17,3;0;6;0;256;41;106;128;1;1;0;0;0;0;0;0;1;1;0;0;0;0;0;0;0;1;0;0;0
749;4;1600;8;14;0;4;0;256;51,5;157;24;1;0;0;0;0;1;0;0;1;0;0;1;0;0;0;1;0;0;0;0;1
769;4;1600;8;15,6;0;6;1000;0;45;141;24;1;0;0;1;0;0;0;0;1;1;0;0;0;0;0;1;0;0;0;0;1
749;4;1600;8;15,6;0;6;0;256;48;141;24;1;0;0;1;1;0;0;0;1;0;0;1;0;0;0;1;0;0;0;0;1
599;2;2100;8;14;0;6;0;256;41;157;24;1;0;0;1;1;1;0;0;1;1;0;0;0;0;0;1;0;0;0;0;0
669,25;2;2200;8;15,6;0;6;0;256;48;141;24;1;0;0;1;1;0;0;0;1;0;0;1;0;0;0;1;0;0;0;0;1
699;4;1600;8;15,6;0;5;0;256;52,5;141;24;1;0;0;0;0;1;0;0;1;0;0;0;0;0;1;1;0;0;0;0;1
464;2;2300;8;15,6;0;4;0;256;30;141;24;1;1;0;0;0;0;0;0;1;0;0;0;0;0;1;1;0;0;0;0;1
569;2;3100;8;17,3;2048;6;1000;128;41;106;384;1;1;0;0;0;0;0;0;1;1;0;0;0;0;0;1;0;0;0;0;1
919;4;1600;8;13,3;0;5;0;256;42;165;24;1;0;0;1;0;1;0;0;1;0;0;0;0;1;0;1;0;0;0;0;1
649;4;1600;8;15,6;0;4;1000;0;41;141;24;1;0;0;0;1;0;0;0;1;1;0;0;0;0;0;1;0;0;0;0;1
749;4;2100;8;13,3;0;4;0;256;53;165;384;1;0;1;1;1;1;0;0;0;1;0;0;0;0;0;1;0;0;0;0;0
699;4;1600;8;15,6;2048;6;1000;128;41;141;384;1;0;0;0;1;0;0;0;1;1;0;0;0;0;0;1;0;0;0;0;1
569;2;2300;8;15,6;0;8;0;256;41,8;141;24;1;1;0;1;1;0;0;0;1;0;0;1;0;0;0;0;0;0;1;0;1
619;2;2100;8;15,6;0;8;0;256;56;141;24;1;0;0;1;1;0;0;0;1;0;0;0;0;1;0;1;0;0;0;0;1
899;4;1600;8;13,3;0;4;0;256;53;165;24;1;0;0;1;1;0;0;0;0;1;0;0;0;0;0;1;0;0;0;0;1
2749;4;1600;32;14;0;6;0;1000;50;157;24;1;0;0;1;1;0;1;0;1;1;0;0;0;0;0;1;0;0;0;0;1
889;4;1600;8;13,3;0;5;0;256;45;165;24;1;0;0;0;1;0;0;0;1;0;0;0;0;0;1;1;0;0;0;0;1
3049;8;2300;16;15,4;4096;5;0;1024;83,6;220;1024;1;0;0;1;1;0;0;0;0;0;0;0;1;0;0;0;1;0;0;0;1
3149;6;2600;32;15,4;4096;5;0;512;83,6;220;1024;1;0;0;1;1;0;0;0;0;0;0;0;1;0;0;0;1;0;0;0;1
3149;6;2600;32;15,4;4096;5;0;512;83,6;220;1024;1;0;0;1;1;0;0;0;0;0;0;0;1;0;0;0;1;0;0;0;1
719;4;1600;8;15,6;2048;5;0;256;33;141;384;1;0;0;0;0;0;0;0;1;0;1;0;0;0;0;1;0;0;0;0;1
599;4;2000;8;15,6;0;6;0;256;37;141;512;1;0;0;0;0;0;0;0;1;0;0;1;0;0;0;1;0;0;0;0;1
749;4;1600;8;15,6;2048;6;1000;256;41;141;384;1;0;0;1;0;0;0;0;1;1;0;0;0;0;0;1;0;0;0;0;1
599;2;2200;8;15,6;0;5;0;256;41;141;24;1;0;0;0;0;0;0;0;1;1;0;0;0;0;0;1;0;0;0;0;1
699;4;1600;8;15,6;0;6;0;256;41;141;24;1;0;0;1;0;0;0;0;1;1;0;0;0;0;0;1;0;0;0;0;1
849;4;2200;8;15,6;0;6;0;256;48;141;640;1;0;0;1;1;0;0;0;1;0;0;1;0;0;0;1;0;0;0;0;1
599;2;2100;8;15,6;0;5;0;256;41;141;24;1;0;0;1;0;0;0;0;1;1;0;0;0;0;0;1;0;0;0;0;0
799;4;1600;8;15,6;0;6;0;256;48;141;24;1;0;0;1;1;0;0;0;1;0;0;1;0;0;0;1;0;0;0;0;1
599;2;2100;8;15,6;0;6;1000;128;41;141;24;1;0;0;0;1;0;0;0;1;1;0;0;0;0;0;1;0;0;0;0;1
599;2;2200;8;15,6;0;6;0;256;41;141;24;1;0;0;0;0;0;0;0;1;1;0;0;0;0;0;1;0;0;0;0;1
999;4;1600;8;17,3;2048;6;1000;128;52;127;384;1;1;0;0;1;0;0;0;1;1;0;0;0;0;0;1;0;0;0;0;0
849;4;1600;8;13,3;0;4;0;256;38;165;24;1;0;0;1;1;1;0;0;0;0;0;0;0;1;0;1;0;0;0;0;1
504;4;1100;4;14;0;6;0;128;54;157;18;1;0;0;1;1;0;0;0;1;0;0;1;0;0;0;1;0;0;0;0;1
679;2;2200;8;14;0;6;0;256;42;157;24;1;0;0;1;1;1;0;0;1;0;1;0;0;0;0;1;0;0;0;0;1
3049;8;2400;16;15,4;4096;5;0;512;83,6;220;1024;1;0;0;1;1;0;0;0;0;0;0;0;1;0;0;0;1;0;0;0;1
819;4;1600;8;14;0;6;1000;0;45;157;24;1;0;0;1;0;0;0;0;1;1;0;0;0;0;0;1;0;0;0;0;1
1099;2;2500;8;15,6;0;7;0;256;50;141;24;1;0;0;0;0;0;0;0;1;1;0;0;0;0;0;1;0;0;0;0;1
2929;6;2600;32;15,4;4096;5;0;256;83,6;220;768;1;0;0;1;1;0;0;0;0;0;0;0;1;0;0;0;1;0;0;0;1
899;4;1600;8;14;2048;7;1000;256;48;157;384;1;0;0;1;0;0;0;0;1;1;0;0;0;0;0;1;0;0;0;0;1
719;4;1600;8;17,3;0;6;1000;256;30;127;24;1;0;0;0;0;0;0;0;0;0;0;0;0;0;1;1;0;0;0;0;0
639;4;1600;8;14;0;6;0;256;42;157;24;1;0;0;1;0;0;0;0;1;0;1;0;0;0;0;1;0;0;0;0;1
1579;2;2300;16;13,3;0;3;0;128;54,5;226;48;0;0;0;0;0;0;0;0;0;0;0;0;1;0;0;0;1;0;0;0;1
849;4;2000;8;13,3;0;4;0;512;53,2;165;512;1;0;1;1;0;1;0;0;1;1;0;0;0;0;0;1;0;0;0;0;0
1449;4;1600;8;15,6;0;8;0;256;57;141;24;1;0;0;1;1;0;0;0;1;0;0;0;0;0;1;1;0;0;0;0;1
1599;4;2300;8;15,6;4096;6;0;256;80;141;768;1;0;0;1;1;0;0;0;1;0;0;0;0;0;1;1;0;0;0;0;1
1629;4;1800;16;13,3;0;4;0;512;52;331;24;0;0;0;1;0;1;0;0;1;0;0;0;0;1;0;0;0;0;1;0;1
3529;6;2900;32;15,4;4096;5;0;512;83,6;220;1024;1;0;0;1;1;0;0;0;0;0;0;0;1;0;0;0;1;0;0;0;1
699;4;2100;8;14;0;6;0;512;48;157;512;1;0;0;1;1;0;0;0;1;0;0;1;0;0;0;1;0;0;0;0;0
1949;4;1600;8;14;0;5;0;256;57;157;24;0;0;0;1;1;0;1;1;0;0;0;0;0;0;1;1;0;0;0;0;1
1849;4;1700;8;14;0;6;0;256;56,2;157;24;1;0;1;1;1;1;0;0;0;1;0;0;0;0;0;1;0;0;0;0;1
1049;4;1600;8;17,3;4096;7;1000;256;42;127;640;1;0;0;1;0;0;0;0;1;0;1;0;0;0;0;1;0;0;0;0;1
1699;4;1600;16;13,3;0;6;0;512;50;165;24;1;0;0;1;1;1;0;0;1;0;0;0;0;0;1;1;0;0;0;0;1
1049;4;1600;16;13,3;0;6;0;512;45;165;24;1;0;0;1;1;0;0;0;1;0;0;0;0;0;1;1;0;0;0;0;1
1049;4;1600;8;13,3;0;6;0;256;45;165;24;1;0;0;1;1;1;0;0;1;0;0;0;0;0;1;1;0;0;0;0;1
1299;4;1600;16;14;0;6;0;512;36;157;24;1;0;0;1;1;0;0;0;1;0;0;1;0;0;0;1;0;0;0;0;1
1899;4;1600;16;14;0;7;0;512;57;157;24;1;0;0;1;1;0;1;0;1;0;0;0;0;0;1;1;0;0;0;0;1
1049;2;2500;8;12;0;3;0;256;37;216;24;0;0;0;1;1;1;0;0;1;0;0;1;0;0;0;1;0;0;0;0;1
1729;4;1600;16;14;0;6;0;512;50;157;24;1;0;0;1;1;0;0;0;1;0;0;0;0;0;1;1;0;0;0;0;1
2129;4;1600;8;14;0;6;0;256;54;209;24;0;0;0;1;1;1;1;1;0;0;0;0;0;0;1;1;0;0;0;0;1
3819;6;2600;32;15,4;4096;5;0;1024;83,6;220;1024;1;0;0;1;1;0;0;0;0;0;0;0;1;0;0;0;1;0;0;0;1
1449;4;1600;16;15,6;0;7;0;512;56;141;24;1;0;0;0;0;0;1;0;1;1;0;0;0;0;0;1;0;0;0;0;1
1549;4;2600;16;15,6;4096;6;0;256;95,6;141;512;1;0;1;1;1;1;0;0;0;1;0;0;0;0;0;1;0;0;0;0;1
1579;4;1600;8;13,3;0;6;0;256;50;165;24;1;0;0;1;1;1;1;0;1;0;0;0;0;0;1;1;0;0;0;0;1
1799;4;1600;8;14;0;7;0;256;57;157;24;1;0;0;1;1;0;1;0;1;0;0;0;0;0;1;1;0;0;0;0;1
1199;4;1600;16;13,3;0;6;0;512;45;165;24;1;0;0;1;1;1;0;0;1;0;0;0;0;0;1;1;0;0;0;0;1
2179;4;2300;16;15,6;4096;6;0;512;80;141;768;1;0;0;1;1;0;0;0;1;0;0;0;0;0;1;1;0;0;0;0;1
2079;2;2300;16;13,3;0;3;0;512;54,5;226;48;0;0;0;0;0;0;0;0;0;0;0;0;1;0;0;0;1;0;0;0;1
2079;4;1600;8;14;0;7;0;512;57;157;24;0;0;0;1;1;0;0;1;0;0;0;0;0;0;1;1;0;0;0;0;1
1949;4;1600;16;14;0;6;0;256;52;157;24;0;0;0;1;1;1;0;0;0;0;0;0;0;1;0;1;0;0;0;0;1
1049;4;1600;8;13,3;0;4;0;256;48;165;24;1;0;0;1;1;0;0;0;1;0;0;1;0;0;0;1;0;0;0;0;1
1329;4;1600;8;13,3;0;5;0;256;51;165;24;1;0;0;1;1;1;1;0;1;0;0;0;0;0;1;1;0;0;0;0;1
1429;4;1600;8;13,3;0;5;0;256;51;165;24;1;0;0;1;1;1;1;0;1;0;0;0;0;0;1;1;0;0;0;0;1
1049;4;1600;8;14;0;7;0;512;45;157;24;1;0;0;1;1;0;1;0;1;0;0;0;0;0;1;1;0;0;0;0;1
1649;4;1600;8;14;0;7;0;256;57;157;24;1;0;0;1;1;0;0;0;1;0;0;0;0;0;1;1;0;0;0;0;1
1379;4;1600;8;13,3;0;7;0;256;48;165;24;1;0;0;1;1;0;0;0;1;0;0;0;0;0;1;1;0;0;0;0;1
1729;4;1600;16;15,6;0;7;0;512;57;141;24;1;0;0;1;1;0;1;0;1;0;0;0;0;0;1;1;0;0;0;0;1
1429;4;1600;8;13,3;0;4;0;512;51;165;24;1;0;0;1;1;1;1;0;1;0;0;0;0;0;1;1;0;0;0;0;1
1079;4;1600;8;14;0;6;0;256;36;157;24;1;0;0;1;1;1;0;0;1;0;0;1;0;0;0;1;0;0;0;0;1
1729;4;1600;8;14;0;6;0;256;56,2;157;24;1;0;1;1;1;1;0;0;0;1;0;0;0;0;0;1;0;0;0;0;1
1699;4;2300;8;15,6;4096;5;1000;128;56;141;640;1;0;0;1;0;0;0;0;1;0;0;0;0;1;0;1;0;0;0;0;1
1099;4;2500;8;15,6;4096;7;0;256;70;141;384;1;0;0;1;1;0;0;0;0;1;0;0;0;0;0;1;0;0;0;0;1
1329;4;1600;8;13,3;0;6;0;256;50;165;24;1;0;0;1;1;1;0;0;1;0;0;0;0;0;1;1;0;0;0;0;1
1149;4;1600;8;14;0;5;0;512;36;157;24;0;0;0;1;1;1;0;0;1;0;0;1;0;0;0;1;0;0;0;0;1
1749;4;1600;8;14;0;7;0;256;57;157;24;1;0;0;1;1;0;0;0;1;0;0;0;0;0;1;1;0;0;0;0;1
1099;4;1600;8;13,3;0;6;0;256;45;165;24;1;0;0;1;1;1;0;0;1;0;0;0;0;0;1;1;0;0;0;0;1
1649;4;1600;8;14;0;7;0;256;50;157;24;1;0;0;1;1;0;1;0;1;0;0;0;0;0;1;1;0;0;0;0;1
999;4;2400;8;15,6;4096;7;1000;128;90;141;896;1;0;0;1;1;0;0;0;0;0;0;0;0;1;0;1;0;0;0;0;0
1879;2;2500;8;13,3;0;4;0;256;57;165;24;1;0;0;1;1;1;1;0;1;1;0;0;0;0;0;1;0;0;0;0;1
999;4;2400;8;15,6;4096;7;1000;128;90;141;896;1;0;0;1;1;0;0;0;0;0;0;0;0;1;0;1;0;0;0;0;0
1549;4;2800;8;15,6;4096;4;0;256;75;141;1280;1;0;0;1;1;0;0;0;1;0;0;0;0;1;0;1;0;0;0;0;1
1049;4;2300;8;15,6;4096;7;0;256;70;141;384;1;0;1;1;0;0;0;0;0;1;0;0;0;0;0;1;0;0;0;0;1
1529;4;1600;8;15,6;0;8;0;256;57;141;24;1;0;0;1;1;0;1;0;1;0;0;0;0;0;1;1;0;0;0;0;1
1629;4;1600;16;13,3;0;7;0;512;48;165;24;1;0;0;1;1;0;1;0;1;0;0;0;0;0;1;1;0;0;0;0;1
1479;4;1600;8;13,3;0;7;0;256;48;165;24;1;0;0;1;1;0;1;0;1;0;0;0;0;0;1;1;0;0;0;0;1
999;4;1600;16;13,3;0;5;0;512;45;165;24;1;0;0;0;1;0;0;0;1;0;0;0;0;0;1;1;0;0;0;0;1
669;4;1600;8;15,6;0;8;0;256;50;141;24;1;0;0;0;0;0;0;0;1;0;1;0;0;0;0;0;0;0;1;0;0
934;4;2500;8;15,6;4096;7;0;256;70;141;384;1;0;0;1;1;0;0;0;0;1;0;0;0;0;0;0;0;1;0;0;1
719;4;2000;8;13,3;0;4;0;256;53,2;165;192;1;0;0;1;0;1;0;0;1;1;0;0;0;0;0;1;0;0;0;0;1
519;2;2300;8;15,6;0;4;1000;128;30;141;24;1;1;0;0;0;0;0;0;1;0;0;0;0;0;1;1;0;0;0;0;1
474;2;2000;8;17,3;0;6;0;256;42;106;24;1;0;0;0;0;0;0;0;1;0;1;0;0;0;0;0;0;0;0;1;0
399;2;2300;4;14;0;6;0;128;48;157;12;1;0;0;1;1;0;0;0;1;0;0;1;0;0;0;1;0;0;0;0;1
699;4;2100;8;15,6;0;7;0;256;45;141;512;1;0;0;0;0;0;0;0;1;0;0;0;0;0;1;1;0;0;0;0;1
949;4;1800;8;15,6;4096;5;1000;256;52,5;141;384;1;0;0;1;1;1;0;0;1;1;0;0;0;0;0;1;0;0;0;0;1
1679;4;1600;8;14;0;7;0;256;57;157;24;1;0;0;1;1;0;0;0;1;0;0;0;0;0;1;1;0;0;0;0;0
599;4;2100;8;14;0;6;0;256;41;157;512;1;0;0;0;0;0;0;0;1;1;0;0;0;0;0;1;0;0;0;0;1
2999;8;2400;32;17,3;8192;11;0;1024;72;127;2304;1;0;0;1;0;0;0;0;1;0;0;1;0;0;0;1;0;0;0;0;1
999;4;2400;8;15,6;3072;7;0;512;55;141;640;1;0;0;1;0;0;0;0;1;0;0;1;0;0;0;1;0;0;0;0;1
999;4;1600;16;15,6;4096;5;0;512;67;141;384;1;0;0;1;1;1;0;0;1;1;0;0;0;0;0;1;0;0;0;0;1
1699;4;1600;16;14;0;6;0;512;56;157;24;1;0;0;1;1;1;0;0;1;1;0;0;0;0;0;1;0;0;0;0;1
719;4;1600;8;15,6;0;2;0;256;42;141;24;1;0;0;1;0;0;0;0;1;0;1;0;0;0;0;1;0;0;0;0;1
689;4;2100;8;15,6;4096;6;0;512;48;141;1024;1;0;0;1;0;0;0;0;1;0;1;0;0;0;0;0;0;0;0;1;1
2549;6;2600;16;15,4;4096;5;0;256;83,6;220;768;1;0;0;1;1;0;0;0;0;0;0;0;1;0;0;0;1;0;0;0;1
619;2;2500;8;15,6;2048;7;0;256;41;141;320;1;1;0;0;0;0;0;0;1;1;0;0;0;0;0;1;0;0;0;0;0
3549;8;2400;32;15,4;4096;5;0;512;83,6;220;1024;1;0;0;1;1;0;0;0;0;0;0;0;1;0;0;0;1;0;0;0;1
2879;8;2300;16;15,4;4096;5;0;512;83,6;220;1024;1;0;0;1;1;0;0;0;0;0;0;0;1;0;0;0;1;0;0;0;1
939;4;1600;8;17,3;2048;6;0;512;36,7;127;384;1;1;0;0;0;0;0;0;1;0;0;1;0;0;0;1;0;0;0;0;1
799;4;1600;8;14;2048;6;0;512;52,5;157;384;1;0;0;1;1;0;0;0;1;0;0;1;0;0;0;1;0;0;0;0;1
1599;4;1600;16;13,3;0;6;0;512;50;165;24;1;0;0;1;1;1;0;0;1;0;0;0;0;0;1;1;0;0;0;0;1
639;2;2500;8;15,6;0;6;0;256;31;141;24;1;1;0;0;0;0;0;0;1;1;0;0;0;0;0;1;0;0;0;0;0
749;4;1600;8;14;0;5;0;256;52,5;157;24;1;0;0;0;0;1;0;0;1;0;0;1;0;0;0;1;0;0;0;0;1
879;4;1600;8;17,3;0;6;0;512;36,7;127;24;1;1;0;0;0;0;0;0;1;0;0;1;0;0;0;1;0;0;0;0;1
669;2;2500;8;15,6;0;5;0;512;33;141;24;1;0;0;0;0;0;0;0;1;0;1;0;0;0;0;1;0;0;0;0;1
679;4;1600;8;15,6;0;3;0;256;42;141;24;1;0;0;1;0;0;0;0;1;0;1;0;0;0;0;1;0;0;0;0;1
1299;6;2600;16;15,6;3072;6;0;512;56;141;640;1;0;0;1;1;0;0;0;1;0;0;0;0;1;0;1;0;0;0;0;1
719;4;1600;8;15,6;0;3;0;256;42;141;24;1;0;0;1;0;0;0;0;1;0;1;0;0;0;0;1;0;0;0;0;1
629;2;2100;8;15,6;0;4;0;256;37;141;24;1;0;0;1;1;0;0;0;1;0;1;0;0;0;0;1;0;0;0;0;0
888;4;2000;8;15,6;0;5;1000;256;52,5;141;512;1;0;0;1;0;1;0;0;1;1;0;0;0;0;0;1;0;0;0;0;1
569;2;2500;8;15,6;0;5;0;256;30;141;24;1;1;0;0;0;0;0;0;1;0;0;0;0;0;1;1;0;0;0;0;1
799;4;1600;8;13,3;0;6;1000;0;45;165;24;1;0;0;1;0;0;0;0;1;1;0;0;0;0;0;1;0;0;0;0;1
699;4;1600;8;15,6;0;6;1000;256;41;141;24;1;0;0;0;1;0;0;0;1;1;0;0;0;0;0;1;0;0;0;0;1
1299;4;1600;8;15,6;4096;5;0;256;51,5;141;640;1;0;0;1;1;1;0;0;0;0;0;0;0;0;1;1;0;0;0;0;1
919;4;1600;8;14;2048;6;0;256;52;157;24;1;0;0;1;1;0;0;0;1;0;0;1;0;0;0;1;0;0;0;0;1
939;4;1600;8;14;0;6;0;256;36;157;24;1;0;0;1;1;0;0;0;1;0;0;1;0;0;0;1;0;0;0;0;1
2499;6;2600;16;15,4;4096;5;0;256;83,6;220;768;1;0;0;1;1;0;0;0;0;0;0;0;1;0;0;0;1;0;0;0;1
989;4;1600;8;14;0;7;0;256;45;157;24;1;0;0;1;1;0;1;0;1;0;0;0;0;0;1;1;0;0;0;0;1
2729;6;2600;16;15,4;4096;5;0;512;83,6;220;1024;1;0;0;1;1;0;0;0;0;0;0;0;1;0;0;0;1;0;0;0;1
479;2;2300;8;15,6;0;5;0;256;33;141;24;1;0;0;0;0;0;0;0;1;0;1;0;0;0;0;1;0;0;0;0;1
769;4;1600;8;15,6;4096;5;0;256;42;141;384;1;0;0;1;0;0;0;0;1;0;1;0;0;0;0;1;0;0;0;0;1
1099;4;1600;16;14;0;6;0;512;45;157;24;1;0;0;1;1;0;0;0;1;0;0;0;0;0;1;1;0;0;0;0;1
769;4;1600;8;15,6;4096;5;0;256;42;141;384;1;0;0;1;0;0;0;0;1;0;1;0;0;0;0;1;0;0;0;0;1
1699;6;2600;16;15,6;4096;6;0;512;97;282;896;1;0;0;1;1;0;0;0;1;0;0;0;0;1;0;1;0;0;0;0;1
579;2;2300;8;15,6;0;8;0;256;41,8;141;24;1;1;0;1;1;0;0;0;1;0;0;1;0;0;0;1;0;0;0;0;1
899;4;1600;8;14;0;6;0;512;48;157;24;1;0;0;1;1;0;0;0;1;0;0;1;0;0;0;1;0;0;0;0;0
799;4;1600;8;14;2048;6;0;256;41;157;384;1;0;0;1;1;0;0;0;1;1;0;0;0;0;0;1;0;0;0;0;1
949;4;1600;8;13,3;0;6;0;256;45;165;24;1;0;0;1;1;0;0;0;1;0;0;0;0;0;1;1;0;0;0;0;1
699;4;1600;8;15,6;0;3;0;256;42;141;24;1;0;0;1;0;0;0;0;1;0;1;0;0;0;0;1;0;0;0;0;1
769;4;1600;8;15,6;4096;5;0;256;42;141;384;1;0;0;1;0;0;0;0;1;0;1;0;0;0;0;1;0;0;0;0;1
799;4;2000;8;15,6;0;5;0;256;52,5;141;512;1;0;0;1;0;1;0;0;1;1;0;0;0;0;0;1;0;0;0;0;1
719;4;1100;4;14;0;6;0;256;54;157;18;1;0;0;1;1;0;0;0;1;0;0;1;0;0;0;1;0;0;0;0;1
849;4;1600;8;13,3;0;6;0;256;54;165;24;1;0;0;1;1;1;0;0;1;0;0;1;0;0;0;1;0;0;0;0;1
1699;6;2600;16;15,6;6144;5;2000;1000;57;141;1920;1;0;0;1;0;0;0;0;1;0;0;0;0;0;1;1;0;0;0;0;1
679;2;2300;8;15,6;0;8;0;256;41,8;141;24;1;1;0;1;1;0;0;0;1;0;0;1;0;0;0;1;0;0;0;0;1
519;4;2000;8;15,6;0;6;0;256;42;141;512;1;0;0;0;0;0;0;0;1;0;1;0;0;0;0;1;0;0;0;0;1
1369;2;2300;8;13,3;0;3;0;128;54,5;226;48;0;0;0;0;0;0;0;0;0;0;0;0;1;0;0;0;1;0;0;0;1
949;4;1600;8;13,3;4096;6;0;512;50;165;384;1;0;0;1;1;0;0;0;1;0;1;0;0;0;0;1;0;0;0;0;1
3379;6;2900;16;15,4;4096;5;0;2048;83,6;220;1024;1;0;0;1;1;0;0;0;0;0;0;0;1;0;0;0;1;0;0;0;1
1429;4;1600;8;14;0;7;0;256;24;157;24;1;0;0;1;1;0;0;0;1;0;0;0;0;0;1;1;0;0;0;0;1
1579;2;2300;8;13,3;0;3;0;256;54,5;226;48;0;0;0;0;0;0;0;0;0;0;0;0;1;0;0;0;1;0;0;0;1
3129;8;2400;16;15,4;4096;5;0;512;83,6;220;1024;1;0;0;1;1;0;0;0;0;0;0;0;1;0;0;0;1;0;0;0;1
2699;6;2600;16;15,4;4096;5;0;512;83,6;220;768;1;0;0;1;1;0;0;0;0;0;0;0;1;0;0;0;1;0;0;0;1
3049;8;2400;16;15,4;4096;5;0;512;83,6;220;1024;1;0;0;1;1;0;0;0;0;0;0;0;1;0;0;0;1;0;0;0;1
1779;4;1600;8;14;0;5;0;256;57;157;24;0;0;0;1;1;0;0;0;0;0;0;0;0;0;1;1;0;0;0;0;1
1599;4;1600;16;15,6;0;7;0;512;32;141;24;1;0;0;1;1;0;1;0;1;0;0;0;0;0;1;1;0;0;0;0;1
899;4;1800;8;17,3;2048;6;0;512;42;127;320;1;1;0;0;0;0;0;0;1;0;0;0;0;1;0;1;0;0;0;0;1
1329;2;2500;8;15,6;2048;6;0;256;50;141;512;1;0;0;1;0;1;0;0;0;1;0;0;0;0;0;1;0;0;0;0;1
1549;4;1600;8;12,5;0;6;0;256;48;176;24;1;0;0;1;1;0;0;0;1;0;0;0;0;0;1;1;0;0;0;0;1
1479;2;2500;8;14;2048;5;0;256;50;157;512;1;0;0;1;0;0;0;0;0;1;0;0;0;0;0;1;0;0;0;0;0
2349;6;2700;16;15,6;4096;7;0;256;70;141;384;1;0;0;1;1;0;0;0;0;1;0;0;0;0;0;1;0;0;0;0;1
569;2;2500;8;15,6;0;7;0;256;41;141;24;1;1;0;0;0;0;0;0;1;1;0;0;0;0;0;1;0;0;0;0;1
3679;6;2600;32;15,4;4096;5;0;2048;83,6;220;768;1;0;0;1;1;0;0;0;0;0;0;0;1;0;0;0;1;0;0;0;1
529;2;2300;8;15,6;2048;7;1000;128;41;141;320;1;1;0;0;0;0;0;0;1;1;0;0;0;0;0;1;0;0;0;0;1
949;4;1600;8;17,3;4096;7;1000;128;52,5;127;384;1;1;0;1;1;0;0;0;0;1;0;0;0;0;0;1;0;0;0;0;1
599;4;2100;8;15,6;0;4;1000;128;41;141;512;1;0;0;1;0;0;0;0;1;1;0;0;0;0;0;1;0;0;0;0;0
949;4;1800;8;13,3;0;4;0;512;45;165;24;0;0;0;1;1;0;0;0;1;0;0;0;0;1;0;1;0;0;0;0;1
889;4;2200;16;15,6;0;6;0;512;45;141;640;1;0;0;0;0;0;0;0;0;0;0;0;0;0;1;1;0;0;0;0;1
599;2;2500;8;15,6;0;7;0;128;31;141;24;1;1;0;0;0;0;0;0;1;1;0;0;0;0;0;1;0;0;0;0;1
599;4;1100;4;11,6;0;5;0;128;48;189;18;1;0;0;0;0;1;0;0;1;0;0;1;0;0;0;1;0;0;0;0;1
549;2;2300;8;15,6;0;5;1000;0;48;100;12;1;0;0;0;0;1;0;0;1;1;0;0;0;0;0;1;0;0;0;0;1
799;4;1600;8;14;0;6;0;256;48;157;24;1;0;0;1;1;0;0;0;1;0;0;1;0;0;0;1;0;0;0;0;0
569;2;2200;4;15,6;0;8;500;0;48;100;24;1;0;0;1;0;0;0;0;1;0;0;1;0;0;0;1;0;0;0;0;1
729;2;2200;4;17,3;0;7;0;256;48;127;24;1;1;0;0;0;0;0;0;1;0;0;1;0;0;0;1;0;0;0;0;1
749;4;1600;8;14;4096;6;1000;128;41;157;384;1;0;0;1;1;0;0;0;1;1;0;0;0;0;0;1;0;0;0;0;1
749;4;1600;8;14;0;6;0;256;48;157;24;1;0;0;1;1;0;0;0;1;0;0;1;0;0;0;1;0;0;0;0;0
649;2;2200;4;15,6;0;6;1000;128;48;141;24;1;0;0;1;1;0;0;0;1;0;0;1;0;0;0;1;0;0;0;0;1
979;4;1600;8;14;0;7;0;256;45;157;24;1;0;0;1;1;0;0;0;1;0;0;0;0;0;1;1;0;0;0;0;1
579;2;2500;8;15,6;2048;6;0;256;41;141;384;1;1;0;0;0;0;0;0;1;1;0;0;0;0;0;1;0;0;0;0;1
499;2;3100;8;15,6;2048;6;1000;128;41;141;320;1;1;0;0;0;0;0;0;1;1;0;0;0;0;0;1;0;0;0;0;1
669;4;1100;8;14;0;6;0;256;54;157;18;1;0;0;1;1;0;0;0;1;0;0;1;0;0;0;1;0;0;0;0;1
549;4;1100;4;14;0;6;0;128;54;157;18;1;0;0;1;1;0;0;0;1;0;0;1;0;0;0;1;0;0;0;0;1
549;4;1100;4;14;0;6;0;128;54;157;18;1;0;0;1;1;0;0;0;1;0;0;1;0;0;0;1;0;0;0;0;1
799;4;1600;8;14;0;6;0;256;48;157;24;1;0;0;1;1;0;0;0;1;0;0;1;0;0;0;1;0;0;0;0;1
624;2;2200;8;14;0;6;1000;128;41;157;24;1;0;0;1;1;0;0;0;1;1;0;0;0;0;0;1;0;0;0;0;1
949;4;1600;8;15,6;4096;6;1000;256;48;141;384;1;0;0;1;1;0;0;0;1;0;0;1;0;0;0;1;0;0;0;0;1
3129;6;2600;32;15,4;4096;5;0;512;83,6;220;768;1;0;0;1;1;0;0;0;0;0;0;0;1;0;0;0;1;0;0;0;1
549;4;1100;4;14;0;6;0;128;54;157;18;1;0;0;1;1;0;0;0;1;0;0;1;0;0;0;1;0;0;0;0;1
749;2;2500;8;15,6;2048;7;0;256;31;141;320;1;1;0;0;0;0;0;0;1;1;0;0;0;0;0;1;0;0;0;0;0
849;4;1800;8;17,3;2048;6;1000;128;42;127;320;1;1;0;0;0;0;0;0;1;0;0;0;0;1;0;1;0;0;0;0;1
2179;4;1800;16;15,6;2048;7;0;512;57;282;384;1;0;0;1;1;0;1;0;1;0;0;0;0;0;1;1;0;0;0;0;1
699;4;2100;8;14;0;6;0;256;48;157;512;1;0;0;1;1;0;0;0;1;0;0;1;0;0;0;1;0;0;0;0;0
639;2;2200;8;15,6;0;7;0;512;30;141;24;1;1;0;0;1;0;0;0;0;0;0;0;0;0;1;1;0;0;0;0;1
639;4;1600;8;15,6;0;4;0;512;30;141;24;1;1;0;0;0;0;0;0;1;0;0;0;0;0;1;1;0;0;0;0;1
599;4;1600;8;15,6;0;4;0;256;30;141;24;1;1;0;0;1;0;0;0;1;0;0;0;0;0;1;1;0;0;0;0;1
1179;4;1600;8;14;4096;6;0;256;57;157;384;0;0;0;1;1;1;0;0;1;0;1;0;0;0;0;1;0;0;0;0;1
3749;8;2300;32;15,4;4096;5;0;1024;83,6;220;1024;1;0;0;1;1;0;0;0;0;0;0;0;1;0;0;0;1;0;0;0;1
779;6;1600;8;14;2048;7;0;256;44;157;24;1;0;0;0;1;1;0;0;1;0;1;0;0;0;0;1;0;0;0;0;0
1199;4;1600;8;13,3;0;5;0;512;50;165;24;0;0;0;1;1;0;0;0;1;0;1;0;0;0;0;1;0;0;0;0;1
1229;4;1600;8;14;4096;5;0;256;70;157;640;1;0;0;1;0;0;0;0;0;0;1;0;0;0;0;1;0;0;0;0;1
2099;4;1600;16;13,3;0;5;0;512;56,2;165;24;0;0;1;1;1;1;1;0;1;1;0;0;0;0;0;1;0;0;0;0;1
1049;4;1600;8;14;0;6;0;256;47;157;24;1;0;1;1;1;0;0;0;1;0;1;0;0;0;0;1;0;0;0;0;1
1829;2;2500;8;14;0;6;0;256;67;157;24;1;0;0;1;0;0;0;0;1;1;0;0;0;0;0;1;0;0;0;0;1
1049;4;1600;8;17,3;4096;7;1000;256;42;127;384;1;0;0;1;0;0;0;0;1;0;1;0;0;0;0;1;0;0;0;0;1
519;4;2000;8;15,6;0;6;0;256;42;141;512;1;0;0;0;0;0;0;0;1;0;0;0;0;1;0;1;0;0;0;0;1
1299;4;2300;8;15,6;6144;8;0;512;76;141;1536;1;0;0;1;0;0;0;0;1;0;1;0;0;0;0;1;0;0;0;0;1
499;4;1600;8;17,3;0;6;0;512;41;106;24;1;1;0;0;0;0;0;0;1;1;0;0;0;0;0;0;0;1;0;0;0
579;2;2500;8;15,6;0;6;0;256;45;141;192;1;0;0;0;0;0;0;0;0;1;0;0;0;0;0;1;0;0;0;0;1
749;4;1600;8;17,3;2048;6;1000;128;42;127;320;1;1;0;0;0;0;0;0;1;0;0;0;0;1;0;1;0;0;0;0;1
1749;6;2600;16;17,3;6144;7;0;512;66;127;1920;1;0;0;1;0;0;0;0;1;0;1;0;0;0;0;1;0;0;0;0;1
679;4;1600;8;14;0;5;0;256;39;157;24;0;0;0;1;1;0;0;0;1;0;1;0;0;0;0;1;0;0;0;0;1
1599;2;1600;8;13,3;0;3;0;512;49,9;226;24;0;0;0;1;1;0;0;0;0;0;0;0;1;0;0;0;1;0;0;0;1
1379;2;1600;8;13,3;0;3;0;256;49,9;226;24;0;0;0;1;1;0;0;0;0;0;0;0;1;0;0;0;1;0;0;0;1
1829;2;1600;8;13,3;0;3;0;1000;49,9;226;24;0;0;0;1;1;0;0;0;0;0;0;0;1;0;0;0;1;0;0;0;1
2079;2;1600;16;13,3;0;3;0;1000;49,9;226;24;0;0;0;1;1;0;0;0;0;0;0;0;1;0;0;0;1;0;0;0;1
1349;2;1600;16;13,3;0;3;0;128;49,9;226;24;0;0;0;1;1;0;0;0;0;0;0;0;1;0;0;0;1;0;0;0;1
1829;2;1600;8;13,3;0;3;0;1000;49,9;226;24;0;0;0;1;1;0;0;0;0;0;0;0;1;0;0;0;1;0;0;0;1
949;4;1600;8;13,3;0;4;0;256;50;165;24;0;0;0;1;0;0;0;0;0;0;1;0;0;0;0;1;0;0;0;0;1
639;4;1600;8;14;0;6;0;256;42;157;24;1;0;0;1;0;0;0;0;1;0;1;0;0;0;0;1;0;0;0;0;1
679;4;1600;8;14;0;6;0;256;42;157;24;1;0;0;1;0;0;0;0;1;0;1;0;0;0;0;1;0;0;0;0;1
569;2;2300;4;14;0;5;0;256;52,5;157;24;1;0;0;0;0;1;0;0;1;0;0;1;0;0;0;1;0;0;0;0;1
899;4;1600;8;15,6;0;5;1000;128;52,5;141;24;1;0;0;1;0;1;0;0;1;1;0;0;0;0;0;1;0;0;0;0;1
719;4;2200;8;14;0;6;0;256;42;157;24;1;0;0;1;0;1;0;0;1;0;1;0;0;0;0;1;0;0;0;0;0
719;4;1600;8;14;0;6;0;256;42;157;24;1;0;0;1;0;1;0;0;1;0;1;0;0;0;0;1;0;0;0;0;0
1999;6;2600;16;17,3;8192;6;0;512;66;127;2304;1;0;0;1;0;0;0;0;1;0;1;0;0;0;0;1;0;0;0;0;0
1099;4;2400;16;17,3;4096;8;0;1000;52,5;127;896;1;0;0;1;0;0;0;0;1;0;0;0;0;0;1;1;0;0;0;0;1
1999;6;2600;16;15,6;4096;5;0;512;97;282;896;1;0;0;1;0;0;0;0;1;0;0;0;0;1;0;1;0;0;0;0;0
2499;8;2400;16;15,6;4096;5;0;1000;97;262;896;1;0;0;0;1;1;0;0;1;0;0;0;0;1;0;1;0;0;0;0;1
2999;8;2400;32;15,6;4096;5;0;1000;97;282;896;1;0;0;1;0;0;0;0;1;0;0;0;0;1;0;1;0;0;0;0;0
1249;6;2600;8;15,6;6144;6;1000;256;51;141;1536;1;0;0;1;0;0;0;0;1;0;0;0;0;1;0;1;0;0;0;0;1
2899;8;2400;32;15,6;4096;5;0;1000;97;282;896;1;0;0;1;0;0;0;0;1;0;0;0;0;1;0;1;0;0;0;0;0
2199;6;2600;16;15,6;4096;5;0;1000;97;282;896;1;0;0;1;0;0;0;0;1;0;0;0;0;1;0;1;0;0;0;0;0
2299;6;2600;16;15,6;4096;5;0;1000;97;282;896;1;0;0;1;0;0;0;0;1;0;0;0;0;1;0;1;0;0;0;0;1
1899;6;2600;16;15,6;4096;5;0;512;97;141;896;1;0;0;0;1;0;0;0;1;0;0;0;0;1;0;1;0;0;0;0;1
2599;6;2600;32;15,6;4096;5;0;1000;97;262;896;1;0;0;0;1;1;0;0;1;0;0;0;0;1;0;1;0;0;0;0;1
2099;6;2600;16;15,6;4096;5;0;512;97;262;896;1;0;0;0;1;1;0;0;1;0;0;0;0;1;0;1;0;0;0;0;1
2199;6;2600;16;15,6;4096;5;0;512;97;262;896;1;0;0;0;1;1;0;0;1;0;0;0;0;1;0;1;0;0;0;0;1
1399;6;2600;16;15,6;6144;6;0;512;51;141;1536;1;0;0;1;0;0;0;0;1;0;0;0;0;1;0;1;0;0;0;0;0
2199;8;2400;16;15,6;4096;5;0;512;97;141;896;1;0;0;0;1;0;0;0;1;0;0;0;0;1;0;1;0;0;0;0;1
1399;6;2600;16;15,6;6144;6;1000;256;51;141;1536;1;0;0;1;0;0;0;0;1;0;0;0;0;1;0;1;0;0;0;0;0
1599;6;2600;8;15,6;4096;5;0;256;97;141;896;1;0;0;0;1;0;0;0;1;0;0;0;0;1;0;1;0;0;0;0;1
1799;6;2600;16;15,6;4096;5;0;512;97;141;896;1;0;0;0;1;0;0;0;1;0;0;0;0;1;0;1;0;0;0;0;1
2499;6;2600;16;15,4;4096;5;0;256;83,6;220;1024;1;0;0;1;1;0;0;0;0;0;0;0;1;0;0;0;1;0;0;0;1
1199;4;2400;8;15,6;4096;6;0;512;56;141;896;1;0;0;1;1;0;0;0;1;0;0;0;0;1;0;1;0;0;0;0;1
2999;6;2600;32;17,3;8192;11;0;1024;72;127;2944;1;0;0;1;0;0;0;0;1;0;0;1;0;0;0;1;0;0;0;0;1
1599;6;2600;8;17,3;6144;8;0;512;66;127;1920;1;0;0;1;0;0;0;0;1;0;1;0;0;0;0;0;0;0;0;1;1
1429;6;2600;16;15,6;4096;7;0;512;68;141;384;1;0;0;1;0;0;0;0;1;0;0;0;0;1;0;1;0;0;0;0;1
3149;6;2600;32;15,4;4096;5;0;512;83,6;220;1024;1;0;0;1;1;0;0;0;0;0;0;0;1;0;0;0;1;0;0;0;1
799;4;2100;8;15,6;4096;4;0;512;48;141;896;1;0;0;1;0;0;0;0;1;0;1;0;0;0;0;0;0;0;0;1;1
3249;6;2600;32;15,4;4096;5;0;1024;83,6;220;768;1;0;0;1;1;0;0;0;0;0;0;0;1;0;0;0;1;0;0;0;1
3829;8;2400;32;15,4;4096;5;0;512;83,6;220;1280;1;0;0;1;1;0;0;0;0;0;0;0;1;0;0;0;1;0;0;0;1
1599;4;1400;8;13,3;0;3;0;256;58,2;226;48;0;0;0;0;0;0;0;0;0;0;0;0;1;0;0;0;1;0;0;0;1
2629;6;2600;16;15,4;4096;5;0;512;83,6;220;768;1;0;0;1;1;0;0;0;0;0;0;0;1;0;0;0;1;0;0;0;1
999;4;2400;8;15,6;3072;6;0;256;56;141;640;1;0;0;1;1;0;0;0;1;0;0;0;0;1;0;1;0;0;0;0;1
1199;6;2600;16;15,6;4096;7;1000;256;52;141;896;1;0;0;1;0;0;0;0;1;1;0;0;0;0;0;1;0;0;0;0;0
799;4;1600;8;13,3;0;4;0;512;45;165;24;0;0;0;1;1;0;0;0;1;0;0;0;0;1;0;1;0;0;0;0;1
749;4;1600;8;13,3;0;4;0;256;45;165;24;0;0;0;1;1;0;0;0;1;0;0;0;0;1;0;1;0;0;0;0;1
899;4;2400;16;15,6;4096;7;0;512;52,5;141;896;1;0;0;1;0;0;0;0;0;1;0;0;0;0;0;0;0;0;0;1;1
1459;6;2600;16;15,6;6144;7;1000;512;55;141;1536;1;0;0;1;0;0;0;0;1;0;0;1;0;0;0;1;0;0;0;0;1
899;4;2000;8;13,3;0;5;0;256;53,2;165;512;1;0;1;0;1;1;0;0;1;1;0;0;0;0;0;1;0;0;0;0;0
3899;8;2300;32;15,4;4096;5;0;2048;83,6;220;1024;1;0;0;1;1;0;0;0;0;0;0;0;1;0;0;0;1;0;0;0;1
2729;6;2600;16;15,4;4096;5;0;512;83,6;220;1024;1;0;0;1;1;0;0;0;0;0;0;0;1;0;0;0;1;0;0;0;1
3499;6;2600;32;15,6;8192;7;0;1000;72;141;2944;1;0;0;1;0;0;0;0;0;1;0;0;0;0;0;1;0;0;0;0;1
999;4;1800;12;15,6;2048;5;0;512;52,5;141;384;1;0;0;1;1;0;0;0;1;0;0;0;0;0;1;1;0;0;0;0;1
849;4;1600;8;15,6;0;5;0;256;42;141;24;1;0;0;1;1;1;0;0;1;0;0;0;0;1;0;1;0;0;0;0;1
3049;6;2600;32;15,4;4096;5;0;512;83,6;220;768;1;0;0;1;1;0;0;0;0;0;0;0;1;0;0;0;1;0;0;0;1
2999;6;2600;16;15,6;8192;7;0;1000;72;141;2304;1;0;0;1;0;0;0;0;0;1;0;0;0;0;0;1;0;0;0;0;1
1099;4;1800;8;14;0;9;0;512;61,9;157;24;1;0;0;1;1;0;0;0;1;0;0;1;0;0;0;1;0;0;0;0;1
499;4;2000;8;15,6;0;6;0;256;42;141;384;1;0;0;0;0;0;0;0;1;0;0;0;0;1;0;1;0;0;0;0;1
799;4;1800;8;13,3;0;5;0;256;37,7;165;24;1;0;0;1;1;0;0;0;1;1;0;0;0;0;0;1;0;0;0;0;0
399;4;1100;4;14;0;5;0;256;52;157;18;1;0;0;0;1;0;0;0;1;0;0;0;0;1;0;1;0;0;0;0;1
699;4;1600;8;14;0;7;0;256;42;157;24;1;0;0;0;1;0;0;0;1;0;0;0;0;1;0;1;0;0;0;0;1
679;4;1600;8;14;0;6;0;512;52;157;24;1;0;0;0;1;0;0;0;1;0;0;0;0;1;0;1;0;0;0;0;1
629;4;1600;8;14;0;5;0;256;42;157;24;1;0;0;0;0;0;0;0;1;0;0;0;0;1;0;1;0;0;0;0;1
699;4;1600;8;15,6;0;7;0;256;43;141;24;1;0;0;1;1;0;0;0;1;0;0;0;0;1;0;1;0;0;0;0;1
799;4;1600;8;13,3;0;5;0;256;38;165;24;1;0;0;1;1;0;0;0;1;0;0;0;0;1;0;1;0;0;0;0;1
699;4;2100;8;15,6;2048;6;1000;128;48;141;512;1;0;0;1;0;0;0;0;1;0;0;1;0;0;0;1;0;0;0;0;1
999;4;2600;16;17,3;4096;7;0;512;52,5;127;896;1;0;0;1;0;0;0;0;1;1;0;0;0;0;0;1;0;0;0;0;0
3779;8;2300;32;15,4;4096;5;0;1024;83,6;220;1024;1;0;0;1;1;0;0;0;0;0;0;0;1;0;0;0;1;0;0;0;1
999;4;2400;8;15,6;4096;7;1000;256;52,5;141;896;1;0;0;1;0;0;0;0;0;1;0;0;0;0;0;1;0;0;0;0;0
1399;6;2600;16;15,6;6144;6;1000;256;51;141;1536;1;0;0;1;0;0;0;0;1;0;0;0;0;1;0;1;0;0;0;0;0
999;4;2400;8;15,6;4096;7;0;512;52;141;896;1;0;0;1;0;0;0;0;1;1;0;0;0;0;0;1;0;0;0;0;0
1099;4;2400;8;15,6;6144;6;0;512;51;141;1536;1;0;0;1;0;0;0;0;1;0;0;0;0;1;0;1;0;0;0;0;0
1699;4;2400;8;15,6;4096;5;0;512;97;141;896;1;0;0;0;1;0;0;0;1;0;0;0;0;1;0;1;0;0;0;0;1
1099;4;2400;8;15,6;6144;6;0;512;51;141;1536;1;0;0;1;0;0;0;0;1;0;0;0;0;1;0;1;0;0;0;0;0
1599;4;2400;8;15,6;4096;5;0;512;97;141;896;1;0;0;0;1;0;0;0;1;0;0;0;0;1;0;1;0;0;0;0;1
399;2;1100;8;17,3;0;6;1000;0;41;106;12;1;1;0;0;0;0;0;0;1;1;0;0;0;0;0;1;0;0;0;0;1
849;4;2400;8;15,6;3072;6;1000;256;51;141;640;1;0;0;1;0;0;0;0;1;0;0;0;0;1;0;1;0;0;0;0;1
979;2;1800;8;13,3;0;3;0;128;54;127;48;0;0;0;0;0;0;0;0;0;0;0;0;1;0;0;0;1;0;0;0;1
899;4;2600;16;17,3;3072;7;0;512;52,5;127;640;1;0;0;1;0;0;0;0;1;1;0;0;0;0;0;1;0;0;0;0;0
399;2;2600;8;14;0;6;0;256;41;157;192;1;0;0;0;0;0;0;0;1;1;0;0;0;0;0;0;0;1;0;0;0
699;4;1600;8;13,3;0;5;0;256;37,7;165;24;1;0;0;1;1;0;0;0;1;1;0;0;0;0;0;1;0;0;0;0;0
1399;4;2400;16;17,3;6144;8;0;512;57;127;1536;1;0;0;1;0;0;0;0;1;0;0;0;0;0;1;1;0;0;0;0;1
799;4;2300;8;14;0;6;0;256;48;157;512;1;0;0;1;1;0;0;0;1;0;0;1;0;0;0;1;0;0;0;0;0
699;4;2100;8;14;0;5;0;512;50;157;512;1;0;0;1;1;0;0;0;1;0;0;0;0;0;1;1;0;0;0;0;1
999;4;1600;8;13,3;0;4;0;256;48;165;24;1;0;0;1;1;0;0;0;1;0;0;0;0;0;1;1;0;0;0;0;1
899;4;1600;8;13,3;0;5;0;1000;45;165;24;0;0;0;1;1;0;0;0;1;0;0;0;0;0;1;1;0;0;0;0;1
949;4;1600;8;14;0;9;0;512;61,9;157;24;1;0;0;1;1;0;0;0;1;0;0;1;0;0;0;1;0;0;0;0;1
949;4;2300;8;15,6;4096;7;1000;128;48;141;640;1;0;0;1;0;0;0;0;1;0;0;1;0;0;0;1;0;0;0;0;1
1299;4;2300;16;15,6;6144;6;0;512;48;141;1920;1;0;0;1;0;0;0;0;1;0;1;0;0;0;0;1;0;0;0;0;1
